low_tanimoto,corr_threshold,topk,baseline,directed_hits_delta,directed_hits_relative,unique_pair_hits_delta,unique_pair_hits_relative,query_hit_rate_delta,yield_delta_per_1000,cgp_only_unique_pairs,baseline_only_unique_pairs,overlap_unique_pairs
0.3,0.25,10,RDKit2D,354,1.6807692307692308,293,1.7710526315789474,0.028017241379310345,19.073275862068964,553,260,120
0.3,0.25,10,NYAN,418,1.9166666666666667,330,1.9620991253644315,0.03178879310344827,22.52155172413793,573,243,100
0.3,0.25,10,Morgan,357,1.690522243713733,334,1.9852507374631267,0.025323275862068964,19.23491379310345,571,237,102
0.3,0.25,10,AtomPair,465,2.136919315403423,370,2.221122112211221,0.034482758620689655,25.053879310344826,586,216,87
0.3,0.25,10,Avalon,439,2.0091954022988507,380,2.2969283276450514,0.038793103448275856,23.65301724137931,597,217,76
0.3,0.25,50,RDKit2D,1466,1.7928610059491616,1168,1.9167974882260597,0.012931034482758619,15.797413793103441,1770,602,672
0.3,0.25,50,NYAN,1589,1.9206257242178448,1211,1.983753046303818,0.00915948275862069,17.1228448275862,1841,630,601
0.3,0.25,50,Morgan,1632,1.9696969696969697,1392,2.3257142857142856,0.010237068965517265,17.58620689655172,1898,506,544
0.3,0.25,50,AtomPair,1541,1.8686583990980834,1236,2.0248756218905473,0.011853448275862072,16.605603448275854,1838,602,604
0.3,0.25,50,Avalon,1663,2.0066585956416465,1371,2.280112044817927,0.017241379310344834,17.920258620689648,1988,617,454
0.3,0.25,100,RDKit2D,2721,1.8575480617711944,2046,1.9738219895287958,0.008620689655172403,14.660560344827587,2779,733,1368
0.3,0.25,100,NYAN,2782,1.8939588688946016,2043,1.9710076045627376,0.003771551724137928,14.989224137931036,2876,833,1271
0.3,0.25,100,Morgan,3113,2.11938151743977,2461,2.459667852906287,0.009159482758620663,16.77262931034483,3083,622,1064
0.3,0.25,100,AtomPair,2633,1.8074210364918737,1983,1.9163585951940851,0.0026939655172413535,14.186422413793107,2824,841,1323
0.3,0.25,100,Avalon,2836,1.9274035317200784,2135,2.0611332007952288,0.016702586206896547,15.280172413793103,3032,897,1115
0.3,0.3,10,RDKit2D,234,1.622340425531915,187,1.6925925925925926,0.024245689655172417,12.607758620689655,362,175,95
0.3,0.3,10,NYAN,311,2.040133779264214,231,2.02212389380531,0.0425646551724138,16.756465517241377,381,150,76
0.3,0.3,10,Morgan,221,1.5681233933161953,207,1.828,0.023706896551724144,11.907327586206897,378,171,79
0.3,0.3,10,AtomPair,337,2.2344322344322345,261,2.3316326530612246,0.037176724137931036,18.157327586206897,394,133,63
0.3,0.3,10,Avalon,299,1.9614147909967845,248,2.186602870813397,0.0382543103448276,16.109913793103445,400,152,57
0.3,0.3,50,RDKit2D,981,1.789855072463768,785,1.9278959810874705,0.00915948275862069,10.571120689655173,1143,358,488
0.3,0.3,50,NYAN,1156,2.083411433926898,865,2.129242819843342,0.013469827586206906,12.456896551724139,1213,348,418
0.3,0.3,50,Morgan,1057,1.9065180102915953,922,2.300423131170663,0.004849137931034475,11.390086206896553,1234,312,397
0.3,0.3,50,AtomPair,1071,1.9296875,861,2.118181818181818,0.010237068965517238,11.54094827586207,1207,346,424
0.3,0.3,50,Avalon,1123,2.020909090909091,933,2.336676217765043,0.01831896551724138,12.101293103448278,1292,359,339
0.3,0.3,100,RDKit2D,1802,1.890316205533597,1365,2.0364464692482915,0.0053879310344827624,9.709051724137932,1774,409,908
0.3,0.3,100,NYAN,1945,2.0340244550770867,1406,2.1018808777429467,0.001077586206896547,10.479525862068966,1848,442,834
0.3,0.3,100,Morgan,1987,2.0804785209352907,1590,2.456043956043956,0.007543103448275856,10.705818965517242,1955,365,727
0.3,0.3,100,AtomPair,1775,1.8654314968308143,1342,2.0014925373134327,0.001077586206896547,9.563577586206899,1799,457,883
0.3,0.3,100,Avalon,1869,1.9550332141032192,1404,2.0985915492957745,0.007004310344827597,10.070043103448278,1916,512,766
0.3,0.4,10,RDKit2D,90,1.4455445544554455,66,1.4680851063829787,0.00808189655172413,4.849137931034484,151,85,56
0.3,0.4,10,NYAN,140,1.9210526315789473,93,1.8157894736842106,0.021012931034482756,7.543103448275861,167,74,40
0.3,0.4,10,Morgan,77,1.3581395348837209,69,1.5,0.004849137931034475,4.148706896551722,156,87,51
0.3,0.4,10,AtomPair,166,2.3174603174603177,122,2.4352941176470586,0.02424568965517241,8.943965517241379,178,56,29
0.3,0.4,10,Avalon,143,1.9597315436241611,108,2.090909090909091,0.025862068965517238,7.704741379310343,179,71,28
0.3,0.4,50,RDKit2D,364,1.6594202898550725,285,1.776566757493188,0.004310344827586202,3.9224137931034475,429,144,223
0.3,0.4,50,NYAN,458,2.0,327,2.006153846153846,0.014008620689655166,4.935344827586206,470,143,182
0.3,0.4,50,Morgan,349,1.6155202821869488,317,1.9462686567164178,0.0016163793103448204,3.7607758620689644,458,141,194
0.3,0.4,50,AtomPair,467,2.0400890868596884,358,2.2176870748299318,0.016702586206896547,5.032327586206896,471,113,181
0.3,0.4,50,Avalon,450,1.9656652360515021,367,2.287719298245614,0.020474137931034475,4.849137931034482,500,133,152
0.3,0.4,100,RDKit2D,664,1.8137254901960784,498,1.97265625,0.00754310344827587,3.5775862068965516,633,135,377
0.3,0.4,100,NYAN,741,2.002706359945873,524,2.078189300411523,0.008081896551724144,3.9924568965517246,667,143,343
0.3,0.4,100,Morgan,675,1.8385093167701863,550,2.1956521739130435,0.006465517241379309,3.636853448275862,681,131,329
0.3,0.4,100,AtomPair,720,1.9473684210526316,525,2.082474226804124,0.00915948275862069,3.8793103448275863,661,136,349
0.3,0.4,100,Avalon,714,1.9321148825065275,526,2.0867768595041323,0.008081896551724144,3.8469827586206904,691,165,319
0.25,0.25,10,RDKit2D,448,2.1914893617021276,340,2.129568106312292,0.04633620689655171,24.137931034482758,554,214,87
0.25,0.25,10,NYAN,443,2.1627296587926508,347,2.1802721088435373,0.04094827586206895,23.868534482758616,564,217,77
0.25,0.25,10,Morgan,471,2.3342776203966005,405,2.7161016949152543,0.044181034482758605,25.37715517241379,573,168,68
0.25,0.25,10,AtomPair,480,2.395348837209302,376,2.418867924528302,0.04364224137931033,25.862068965517242,573,197,68
0.25,0.25,10,Avalon,482,2.409356725146199,396,2.6163265306122447,0.04471982758620688,25.969827586206897,587,191,54
0.25,0.25,50,RDKit2D,1601,2.0088216761184623,1200,2.0434782608695654,0.021012931034482762,17.252155172413797,1777,577,573
0.25,0.25,50,NYAN,1608,2.017721518987342,1210,2.06140350877193,0.012392241379310331,17.327586206896555,1819,609,531
0.25,0.25,50,Morgan,1778,2.2609929078014184,1452,2.6169265033407574,0.019935344827586188,19.15948275862069,1918,466,432
0.25,0.25,50,AtomPair,1600,2.0075566750629723,1238,2.1133093525179856,0.017241379310344834,17.241379310344833,1817,579,533
0.25,0.25,50,Avalon,1717,2.1672331747110807,1375,2.41025641025641,0.017241379310344834,18.502155172413794,1973,598,377
0.25,0.25,100,RDKit2D,2786,1.9643475250951887,2039,2.0435005117707266,0.012931034482758619,15.010775862068966,2762,723,1231
0.25,0.25,100,NYAN,2776,1.9575715764056572,2015,2.0187057633973713,0.007543103448275856,14.956896551724137,2838,823,1155
0.25,0.25,100,Morgan,3224,2.3153814769481844,2480,2.639127561136814,0.016702586206896547,17.370689655172413,3081,601,912
0.25,0.25,100,AtomPair,2641,1.8704680290046143,1951,1.955435847208619,0.007004310344827569,14.229525862068964,2789,838,1204
0.25,0.25,100,Avalon,2851,2.009560906515581,2103,2.1126984126984127,0.019935344827586216,15.360991379310345,2996,893,997
0.25,0.3,10,RDKit2D,320,2.306122448979592,232,2.1717171717171717,0.039331896551724144,17.241379310344826,365,133,65
0.25,0.3,10,NYAN,329,2.3940677966101696,245,2.324324324324324,0.043642241379310345,17.726293103448278,375,130,55
0.25,0.3,10,Morgan,325,2.3541666666666665,269,2.670807453416149,0.039331896551724144,17.510775862068968,380,111,50
0.25,0.3,10,AtomPair,348,2.6036866359447006,264,2.5903614457831323,0.04094827586206898,18.75,385,121,45
0.25,0.3,10,Avalon,333,2.435344827586207,265,2.606060606060606,0.04094827586206898,17.941810344827587,388,123,42
0.25,0.3,50,RDKit2D,1086,2.069950738916256,812,2.1123287671232878,0.016702586206896547,11.702586206896552,1146,334,396
0.25,0.3,50,NYAN,1163,2.239872068230277,860,2.2609970674486806,0.017241379310344807,12.532327586206897,1184,324,358
0.25,0.3,50,Morgan,1170,2.2567132116004296,965,2.6724436741767765,0.014547413793103425,12.607758620689655,1244,279,298
0.25,0.3,50,AtomPair,1103,2.1052104208416833,852,2.234782608695652,0.014547413793103425,11.885775862068966,1178,326,364
0.25,0.3,50,Avalon,1165,2.2446581196581197,927,2.5073170731707317,0.016702586206896547,12.553879310344827,1271,344,271
0.25,0.3,100,RDKit2D,1858,2.049124788255223,1368,2.1563820794590027,0.008620689655172431,10.010775862068966,1762,394,789
0.25,0.3,100,NYAN,1927,2.1321974148061105,1387,2.191580756013746,0.003771551724137956,10.382543103448278,1812,425,739
0.25,0.3,100,Morgan,2072,2.3307642903018624,1605,2.6966173361522197,0.014547413793103453,11.163793103448276,1952,347,599
0.25,0.3,100,AtomPair,1778,1.9605618584548892,1315,2.063915857605178,0.004849137931034503,9.579741379310347,1766,451,785
0.25,0.3,100,Avalon,1882,2.077275329135661,1385,2.1878216123499143,0.007543103448275884,10.140086206896553,1889,504,662
0.25,0.4,10,RDKit2D,128,2.040650406504065,87,1.9157894736842105,0.0177801724137931,6.896551724137931,149,62,33
0.25,0.4,10,NYAN,143,2.324074074074074,98,2.1666666666666665,0.01993534482758621,7.704741379310344,160,62,22
0.25,0.4,10,Morgan,132,2.1092436974789917,102,2.275,0.015086206896551727,7.112068965517242,156,54,26
0.25,0.4,10,AtomPair,164,2.8850574712643677,114,2.676470588235294,0.025323275862068964,8.836206896551724,165,51,17
0.25,0.4,10,Avalon,150,2.485148514851485,109,2.493150684931507,0.023706896551724137,8.081896551724139,166,57,16
0.25,0.4,50,RDKit2D,428,2.031325301204819,304,2.0305084745762714,0.01454741379310344,4.612068965517241,428,124,171
0.25,0.4,50,NYAN,465,2.2301587301587302,327,2.202205882352941,0.01831896551724138,5.010775862068965,453,126,146
0.25,0.4,50,Morgan,424,2.011933174224344,348,2.3864541832669324,0.011853448275862072,4.568965517241379,462,114,137
0.25,0.4,50,AtomPair,486,2.361344537815126,357,2.475206611570248,0.021551724137931036,5.23706896551724,454,97,145
0.25,0.4,50,Avalon,487,2.3679775280898876,371,2.6271929824561404,0.021551724137931036,5.247844827586206,489,118,110
0.25,0.4,100,RDKit2D,695,2.045112781954887,504,2.1693735498839906,0.011853448275862058,3.7446120689655173,626,122,309
0.25,0.4,100,NYAN,719,2.1216848673946958,510,2.2,0.010775862068965511,3.873922413793103,642,132,293
0.25,0.4,100,Morgan,727,2.1484992101105846,563,2.513440860215054,0.012931034482758619,3.9170258620689653,678,115,257
0.25,0.4,100,AtomPair,728,2.151898734177215,515,2.2261904761904763,0.013469827586206892,3.922413793103448,641,126,294
0.25,0.4,100,Avalon,721,2.128325508607199,520,2.253012048192771,0.010237068965517238,3.8846982758620685,674,154,261
0.2,0.25,10,RDKit2D,474,2.692857142857143,340,2.376518218623482,0.04795258620689656,25.538793103448278,525,185,62
0.2,0.25,10,NYAN,408,2.179190751445087,313,2.1423357664233578,0.036637931034482776,21.982758620689655,521,208,66
0.2,0.25,10,Morgan,475,2.7025089605734767,410,3.3163841807909606,0.04364224137931036,25.592672413793103,550,140,37
0.2,0.25,10,AtomPair,445,2.440129449838188,351,2.48728813559322,0.04633620689655174,23.976293103448274,529,178,58
0.2,0.25,10,Avalon,466,2.6180555555555554,373,2.7429906542056073,0.05064655172413794,25.107758620689655,560,187,27
0.2,0.25,50,RDKit2D,1694,2.2670157068062826,1214,2.1867057673509285,0.026939655172413784,18.254310344827587,1743,529,494
0.2,0.25,50,NYAN,1579,2.087465564738292,1181,2.118371212121212,0.008620689655172403,17.01508620689655,1788,607,449
0.2,0.25,50,Morgan,1904,2.68944099378882,1524,3.1374474053295933,0.017780172413793094,20.517241379310345,1929,405,308
0.2,0.25,50,AtomPair,1576,2.0831615120274916,1196,2.148895292987512,0.012931034482758619,16.98275862068966,1762,566,475
0.2,0.25,50,Avalon,1716,2.3049429657794676,1337,2.4855555555555555,0.02855603448275862,18.491379310344826,1909,572,328
0.2,0.25,100,RDKit2D,2765,2.072953046177726,1977,2.099555061179088,0.008620689655172431,14.89762931034483,2692,715,1083
0.2,0.25,100,NYAN,2658,1.9903129657228018,1931,2.047180043383948,0.004849137931034475,14.321120689655173,2751,820,1024
0.2,0.25,100,Morgan,3228,2.5269631031220436,2457,2.864188163884674,0.017780172413793094,17.392241379310345,3047,590,728
0.2,0.25,100,AtomPair,2518,1.891643059490085,1868,1.9795490298898795,0.0026939655172413812,13.566810344827587,2705,837,1070
0.2,0.25,100,Avalon,2752,2.0625482625482627,1996,2.1219786396852163,0.023168103448275856,14.827586206896552,2876,880,899
0.2,0.3,10,RDKit2D,320,2.7112299465240643,228,2.4074074074074074,0.040948275862068964,17.24137931034483,346,118,44
0.2,0.3,10,NYAN,296,2.4028436018957344,221,2.3076923076923075,0.039331896551724144,15.948275862068966,350,129,40
0.2,0.3,10,Morgan,316,2.654450261780105,269,3.2231404958677685,0.03771551724137931,17.025862068965516,362,93,28
0.2,0.3,10,AtomPair,309,2.5606060606060606,240,2.6,0.042025862068965525,16.648706896551722,351,111,39
0.2,0.3,10,Avalon,323,2.755434782608696,254,2.8676470588235294,0.04741379310344827,17.40301724137931,372,118,18
0.2,0.3,50,RDKit2D,1126,2.3420738974970203,819,2.295886075949367,0.020474137931034475,12.133620689655173,1123,304,328
0.2,0.3,50,NYAN,1113,2.306338028169014,830,2.3365539452495976,0.011314655172413784,11.993534482758621,1160,330,291
0.2,0.3,50,Morgan,1231,2.6771117166212535,997,3.196035242290749,0.012931034482758619,13.265086206896552,1241,244,210
0.2,0.3,50,AtomPair,1067,2.1881959910913142,816,2.2850393700787404,0.014008620689655166,11.497844827586208,1137,321,314
0.2,0.3,50,Avalon,1146,2.399267399267399,894,2.6050269299820465,0.021551724137931022,12.349137931034484,1228,334,223
0.2,0.3,100,RDKit2D,1831,2.186649384316267,1316,2.2322097378277155,0.006465517241379309,9.865301724137932,1694,378,690
0.2,0.3,100,NYAN,1808,2.1545338441890167,1305,2.2094531974050047,0.001077586206896547,9.74137931034483,1733,428,651
0.2,0.3,100,Morgan,2062,2.5716463414634148,1571,2.9323493234932347,0.010237068965517238,11.10991379310345,1912,341,472
0.2,0.3,100,AtomPair,1685,1.9976317347542925,1244,2.0912280701754384,0.0,9.078663793103448,1695,451,689
0.2,0.3,100,Avalon,1811,2.1586692258477287,1309,2.217674418604651,0.00969827586206895,9.757543103448278,1813,504,571
0.2,0.4,10,RDKit2D,139,3.074626865671642,97,2.732142857142857,0.024245689655172414,7.489224137931034,136,39,17
0.2,0.4,10,NYAN,128,2.641025641025641,91,2.467741935483871,0.022629310344827583,6.896551724137931,140,49,13
0.2,0.4,10,Morgan,141,3.169230769230769,112,3.731707317073171,0.028017241379310345,7.596982758620689,142,30,11
0.2,0.4,10,AtomPair,144,3.3225806451612905,107,3.3260869565217392,0.028017241379310345,7.758620689655172,139,32,14
0.2,0.4,10,Avalon,137,2.9855072463768115,102,3.0,0.026400862068965514,7.381465517241379,149,47,4
0.2,0.4,50,RDKit2D,462,2.6923076923076925,324,2.5576923076923075,0.02209051724137931,4.978448275862069,419,95,113
0.2,0.4,50,NYAN,435,2.45,315,2.4516129032258065,0.017241379310344834,4.6875,428,113,104
0.2,0.4,50,Morgan,496,3.075313807531381,386,3.643835616438356,0.025323275862068964,5.344827586206897,458,72,74
0.2,0.4,50,AtomPair,472,2.79467680608365,342,2.8,0.02478448275862069,5.086206896551724,430,88,102
0.2,0.4,50,Avalon,464,2.7121771217712176,349,2.907103825136612,0.021551724137931036,5.0,458,109,74
0.2,0.4,100,RDKit2D,694,2.430927835051546,481,2.402332361516035,0.017780172413793108,3.7392241379310347,595,114,229
0.2,0.4,100,NYAN,652,2.23719165085389,468,2.3146067415730336,0.011853448275862072,3.512931034482759,595,127,229
0.2,0.4,100,Morgan,753,2.767605633802817,563,3.157088122605364,0.016163793103448287,4.057112068965518,659,96,165
0.2,0.4,100,AtomPair,668,2.3072407045009786,479,2.3884057971014494,0.015086206896551727,3.599137931034483,597,118,227
0.2,0.4,100,Avalon,670,2.3163064833005893,479,2.3884057971014494,0.012392241379310345,3.6099137931034484,625,146,199
0.15,0.25,10,RDKit2D,473,3.3300492610837438,355,2.9086021505376345,0.05549568965517242,25.484913793103452,506,151,35
0.15,0.25,10,NYAN,409,2.5318352059925093,332,2.588516746411483,0.03340517241379311,22.036637931034488,503,171,38
0.15,0.25,10,Morgan,476,3.38,408,4.067669172932331,0.04633620689655173,25.646551724137936,529,121,12
0.15,0.25,10,AtomPair,427,2.714859437751004,347,2.788659793814433,0.0425646551724138,23.00646551724138,505,158,36
0.15,0.25,10,Avalon,426,2.704,361,3.0055555555555555,0.04741379310344827,22.952586206896555,526,165,15
0.15,0.25,50,RDKit2D,1624,2.4871794871794872,1129,2.3097447795823665,0.02801724137931036,17.5,1600,471,391
0.15,0.25,50,NYAN,1506,2.244628099173554,1110,2.2599318955732124,0.017241379310344834,16.22844827586207,1637,527,354
0.15,0.25,50,Morgan,1829,3.062006764374295,1441,3.62,0.026939655172413784,19.70905172413793,1788,347,203
0.15,0.25,50,AtomPair,1445,2.136900078678206,1088,2.204872646733112,0.006465517241379309,15.571120689655173,1578,490,413
0.15,0.25,50,Avalon,1592,2.416370106761566,1194,2.4981179422835633,0.032866379310344834,17.155172413793103,1706,512,285
0.15,0.25,100,RDKit2D,2585,2.2199150542708823,1738,2.1525198938992043,0.019935344827586216,13.92780172413793,2390,652,856
0.15,0.25,100,NYAN,2407,2.047888550282978,1648,2.0312891113892366,0.011853448275862072,12.96875,2422,774,824
0.15,0.25,100,Morgan,2960,2.697247706422018,2185,3.05937794533459,0.024245689655172403,15.948275862068966,2735,550,511
0.15,0.25,100,AtomPair,2236,1.9059967585089141,1568,1.934445768772348,0.007004310344827597,12.047413793103448,2348,780,898
0.15,0.25,100,Avalon,2381,2.0249677141627207,1613,1.9877526025719534,0.025323275862068978,12.828663793103448,2449,836,797
0.15,0.3,10,RDKit2D,313,3.5655737704918034,238,3.18348623853211,0.05226293103448276,16.864224137931036,328,90,19
0.15,0.3,10,NYAN,280,2.806451612903226,225,2.8442622950819674,0.03717672413793104,15.086206896551724,323,98,24
0.15,0.3,10,Morgan,318,3.717948717948718,270,4.5064935064935066,0.048491379310344834,17.133620689655174,340,70,7
0.15,0.3,10,AtomPair,286,2.9194630872483223,231,2.9913793103448274,0.041487068965517244,15.409482758620689,322,91,25
0.15,0.3,10,Avalon,282,2.843137254901961,238,3.18348623853211,0.04525862068965518,15.193965517241379,335,97,12
0.15,0.3,50,RDKit2D,1085,2.823529411764706,761,2.6088794926004226,0.030711206896551713,11.691810344827589,1008,247,226
0.15,0.3,50,NYAN,1008,2.5,743,2.513238289205703,0.021551724137931036,10.862068965517242,1012,269,222
0.15,0.3,50,Morgan,1168,3.28125,920,3.929936305732484,0.03178879310344827,12.586206896551726,1114,194,120
0.15,0.3,50,AtomPair,969,2.3628691983122363,726,2.4291338582677167,0.012931034482758619,10.441810344827587,980,254,254
0.15,0.3,50,Avalon,1035,2.604651162790698,779,2.7120879120879122,0.02855603448275862,11.153017241379313,1066,287,168
0.15,0.3,100,RDKit2D,1733,2.4875536480686695,1148,2.3781512605042017,0.021012931034482762,9.33728448275862,1476,328,505
0.15,0.3,100,NYAN,1624,2.2747252747252746,1091,2.2258426966292135,0.011314655172413784,8.75,1479,388,502
0.15,0.3,100,Morgan,1894,2.8864541832669324,1375,3.268976897689769,0.023168103448275856,10.204741379310345,1669,294,312
0.15,0.3,100,AtomPair,1527,2.113785557986871,1045,2.1164529914529915,0.0053879310344827624,8.22737068965517,1446,401,535
0.15,0.3,100,Avalon,1551,2.151447661469933,1024,2.0700104493207943,0.015086206896551713,8.356681034482758,1504,480,477
0.15,0.4,10,RDKit2D,138,4.136363636363637,107,3.891891891891892,0.027478448275862072,7.435344827586207,138,31,6
0.15,0.4,10,NYAN,125,3.192982456140351,97,3.0638297872340425,0.021551724137931036,6.734913793103448,138,41,6
0.15,0.4,10,Morgan,149,5.515151515151516,120,6.0,0.03286637931034483,8.02801724137931,141,21,3
0.15,0.4,10,AtomPair,142,4.55,113,4.645161290322581,0.029633620689655176,7.650862068965518,136,23,8
0.15,0.4,10,Avalon,126,3.25,105,3.6923076923076925,0.025323275862068968,6.788793103448276,141,36,3
0.15,0.4,50,RDKit2D,407,3.1648936170212765,269,2.7467532467532467,0.03394396551724138,4.385775862068965,348,79,75
0.15,0.4,50,NYAN,363,2.564655172413793,255,2.517857142857143,0.02209051724137931,3.911637931034482,341,86,82
0.15,0.4,50,Morgan,413,3.269230769230769,314,3.8807339449541285,0.029633620689655173,4.450431034482758,376,62,47
0.15,0.4,50,AtomPair,399,3.0357142857142856,280,2.958041958041958,0.028556034482758626,4.299568965517241,353,73,70
0.15,0.4,50,Avalon,386,2.84688995215311,276,2.877551020408163,0.028556034482758626,4.1594827586206895,365,89,58
0.15,0.4,100,RDKit2D,636,2.7569060773480665,411,2.5627376425855513,0.027478448275862058,3.4267241379310343,499,88,175
0.15,0.4,100,NYAN,595,2.4764267990074442,397,2.4332129963898916,0.018318965517241367,3.205818965517241,505,108,169
0.15,0.4,100,Morgan,658,2.9352941176470586,466,3.2403846153846154,0.02209051724137931,3.545258620689655,560,94,114
0.15,0.4,100,AtomPair,600,2.507537688442211,400,2.45985401459854,0.011853448275862058,3.232758620689655,504,104,170
0.15,0.4,100,Avalon,572,2.3427230046948355,371,2.2244224422442245,0.02101293103448275,3.0818965517241375,511,140,163
