setting,baseline,metric,direction,n_queries,mean_delta,ci95_low,ci95_high,paired_win_rate,wilcoxon_greater_p
all_candidates,AtomPair,top50_corr,cgp_minus_baseline,1856,0.009912735298662342,0.008541329450235446,0.011287454375924506,0.6050646551724138,2.953417736106087e-36
all_candidates,AtomPair,ndcg50,cgp_minus_baseline,1856,0.028528116692526105,0.024605857802485687,0.03303403882883656,0.603448275862069,9.712957339859092e-33
all_candidates,AtomPair,retention50,cgp_minus_baseline,1856,0.0401251846546606,0.03477674305814051,0.045767114905261946,0.6050646551724138,4.360048390372294e-35
all_candidates,AtomPair,functional_top10_in_top50_rate,cgp_minus_baseline,1856,0.0234375,0.018318965517241378,0.02871901939655172,0.2796336206896552,7.39177389110112e-15
all_candidates,AtomPair,mean_functional_neighbor_rank_percentile,baseline_minus_cgp,1856,0.040054733707175535,0.03336813620015437,0.046414397284064275,0.634698275862069,1.3361544340282997e-35
all_candidates,Avalon,top50_corr,cgp_minus_baseline,1856,0.011387206392310969,0.009825930033670702,0.01280457583425593,0.6163793103448276,6.611240395690377e-43
all_candidates,Avalon,ndcg50,cgp_minus_baseline,1856,0.03247168975399796,0.028285587894540436,0.03673149733432384,0.6179956896551724,5.371628389734527e-38
all_candidates,Avalon,retention50,cgp_minus_baseline,1856,0.0479412567734737,0.04198311899738423,0.05362917526733149,0.6163793103448276,1.1345272378909398e-42
all_candidates,Avalon,functional_top10_in_top50_rate,cgp_minus_baseline,1856,0.023114224137931034,0.017295258620689657,0.028826778017241376,0.29094827586206895,4.551820405241395e-13
all_candidates,Avalon,mean_functional_neighbor_rank_percentile,baseline_minus_cgp,1856,0.04947320913774504,0.042490648132648884,0.05595642532571699,0.6519396551724138,7.584275818441954e-49
all_candidates,Morgan,top50_corr,cgp_minus_baseline,1856,0.011407616634873797,0.009984268036417115,0.012869597762450563,0.6142241379310345,8.031976427255731e-43
all_candidates,Morgan,ndcg50,cgp_minus_baseline,1856,0.029217804560337287,0.025007375548189784,0.033643103350915714,0.6066810344827587,7.548460983591911e-31
all_candidates,Morgan,retention50,cgp_minus_baseline,1856,0.04695596100429029,0.04122341147777592,0.052656414203707556,0.6142241379310345,3.515427466715344e-42
all_candidates,Morgan,functional_top10_in_top50_rate,cgp_minus_baseline,1856,0.014116379310344828,0.00888604525862069,0.0195056573275862,0.2672413793103448,4.6896345550000195e-06
all_candidates,Morgan,mean_functional_neighbor_rank_percentile,baseline_minus_cgp,1856,0.048157932057434065,0.04168102576442361,0.0549528948359558,0.6422413793103449,1.8804900660713706e-44
all_candidates,NYAN,top50_corr,cgp_minus_baseline,1856,0.01004961665797232,0.008632488080251964,0.011399259416514715,0.6007543103448276,1.981396137673873e-34
all_candidates,NYAN,ndcg50,cgp_minus_baseline,1856,0.0290640358314287,0.024875587450551215,0.033424654610470936,0.5926724137931034,1.2687490670276183e-30
all_candidates,NYAN,retention50,cgp_minus_baseline,1856,0.04078019603896739,0.035087368176297526,0.04639398039293736,0.6007543103448276,1.2465576768948615e-33
all_candidates,NYAN,functional_top10_in_top50_rate,cgp_minus_baseline,1856,0.02252155172413793,0.017349137931034483,0.02747979525862068,0.27370689655172414,1.6710852949535824e-13
all_candidates,NYAN,mean_functional_neighbor_rank_percentile,baseline_minus_cgp,1856,0.03481701958486776,0.028511962572769042,0.041019503206022385,0.6217672413793104,1.1119895116902522e-30
all_candidates,RDKit2D,top50_corr,cgp_minus_baseline,1856,0.008815865836571358,0.007498393487468329,0.010246538060327206,0.5802801724137931,1.7512266729599554e-22
all_candidates,RDKit2D,ndcg50,cgp_minus_baseline,1856,0.020390113369984076,0.016571928951056077,0.024297084588824586,0.5635775862068966,1.524005519288351e-14
all_candidates,RDKit2D,retention50,cgp_minus_baseline,1856,0.03275496176795453,0.02748768702728277,0.038626764643876696,0.5802801724137931,3.69750486893577e-21
all_candidates,RDKit2D,functional_top10_in_top50_rate,cgp_minus_baseline,1856,0.011584051724137932,0.006196120689655173,0.01691810344827586,0.25323275862068967,0.0003959586984441041
all_candidates,RDKit2D,mean_functional_neighbor_rank_percentile,baseline_minus_cgp,1856,0.030642767966744786,0.024715265717414354,0.036551879614905324,0.6007543103448276,8.126714762395846e-24
low_morgan_lt_0.15,AtomPair,top50_corr,cgp_minus_baseline,1856,0.010906810608414304,0.00952121317305063,0.012289503241117685,0.6298491379310345,2.8641038331265635e-47
low_morgan_lt_0.15,AtomPair,ndcg50,cgp_minus_baseline,1856,0.03789860398196833,0.033811628273036236,0.042347418712983115,0.630926724137931,2.7780381159900883e-49
low_morgan_lt_0.15,AtomPair,retention50,cgp_minus_baseline,1856,0.0505577641363614,0.044561215012191215,0.05685033677660907,0.6298491379310345,9.97882198112214e-47
low_morgan_lt_0.15,AtomPair,functional_top10_in_top50_rate,cgp_minus_baseline,1856,0.02898706896551724,0.023329741379310348,0.034645743534482756,0.30603448275862066,1.3280973952560979e-21
low_morgan_lt_0.15,AtomPair,mean_functional_neighbor_rank_percentile,baseline_minus_cgp,1856,0.04634474599286256,0.03941733112897641,0.053329133785607045,0.6373922413793104,4.976670214474255e-40
low_morgan_lt_0.15,Avalon,top50_corr,cgp_minus_baseline,1856,0.013097336398195195,0.011575196852420555,0.014619537470520638,0.6476293103448276,1.011786954315415e-60
low_morgan_lt_0.15,Avalon,ndcg50,cgp_minus_baseline,1856,0.044530503072987206,0.03968048883990055,0.049306952481015874,0.6524784482758621,1.1322875386042213e-58
low_morgan_lt_0.15,Avalon,retention50,cgp_minus_baseline,1856,0.062687260883926,0.055993281286225334,0.06903452066756993,0.6476293103448276,1.1259203344346666e-60
low_morgan_lt_0.15,Avalon,functional_top10_in_top50_rate,cgp_minus_baseline,1856,0.03577586206896552,0.030009428879310348,0.0413806573275862,0.3270474137931034,1.3271523833990335e-28
low_morgan_lt_0.15,Avalon,mean_functional_neighbor_rank_percentile,baseline_minus_cgp,1856,0.05346751437569964,0.046142382402527764,0.06054861819438955,0.6610991379310345,9.037176330787468e-52
low_morgan_lt_0.15,Morgan,top50_corr,cgp_minus_baseline,1856,0.015486713843197993,0.013885634474653035,0.017135365417930794,0.6686422413793104,4.680206211862249e-75
low_morgan_lt_0.15,Morgan,ndcg50,cgp_minus_baseline,1856,0.05235707109020507,0.04751270176008275,0.057488556786467984,0.6724137931034483,2.532945039100755e-75
low_morgan_lt_0.15,Morgan,retention50,cgp_minus_baseline,1856,0.07284753369163365,0.06607668525951918,0.08020240963090965,0.6686422413793104,2.1593253928567795e-76
low_morgan_lt_0.15,Morgan,functional_top10_in_top50_rate,cgp_minus_baseline,1856,0.03873922413793104,0.03292025862068965,0.04428879310344828,0.3432112068965517,1.0198734848316372e-34
low_morgan_lt_0.15,Morgan,mean_functional_neighbor_rank_percentile,baseline_minus_cgp,1856,0.06417213674882902,0.05682122878649908,0.07137724711350496,0.6756465517241379,2.2364078997085114e-64
low_morgan_lt_0.15,NYAN,top50_corr,cgp_minus_baseline,1856,0.011065373676315483,0.009622105109675243,0.01242197329083069,0.6325431034482759,1.696742005111101e-50
low_morgan_lt_0.15,NYAN,ndcg50,cgp_minus_baseline,1856,0.036087214878558996,0.03164314189740374,0.04057072863219832,0.6158405172413793,4.078496763963594e-43
low_morgan_lt_0.15,NYAN,retention50,cgp_minus_baseline,1856,0.051524170980082,0.045775335275604435,0.057940566402796594,0.6325431034482759,9.292551091965085e-50
low_morgan_lt_0.15,NYAN,functional_top10_in_top50_rate,cgp_minus_baseline,1856,0.026185344827586207,0.0203125,0.03216729525862068,0.30549568965517243,1.2841034039279991e-16
low_morgan_lt_0.15,NYAN,mean_functional_neighbor_rank_percentile,baseline_minus_cgp,1856,0.038249703200635816,0.0315439820522832,0.045014157398403254,0.6082974137931034,1.1857312041143207e-30
low_morgan_lt_0.15,RDKit2D,top50_corr,cgp_minus_baseline,1856,0.012228519010884313,0.010747339577684036,0.013812989493784534,0.6357758620689655,2.590832320497953e-49
low_morgan_lt_0.15,RDKit2D,ndcg50,cgp_minus_baseline,1856,0.038927769363694,0.03398366372977573,0.04401014029133955,0.6099137931034483,1.9664969810483045e-41
low_morgan_lt_0.15,RDKit2D,retention50,cgp_minus_baseline,1856,0.05400480331064179,0.04811643940854174,0.06023218635079993,0.6357758620689655,3.1606738598276355e-48
low_morgan_lt_0.15,RDKit2D,functional_top10_in_top50_rate,cgp_minus_baseline,1856,0.031734913793103454,0.026239224137931037,0.037176724137931036,0.3098060344827586,3.746571826514285e-23
low_morgan_lt_0.15,RDKit2D,mean_functional_neighbor_rank_percentile,baseline_minus_cgp,1856,0.038885907965295174,0.03244524109988167,0.045177123839099526,0.6061422413793104,3.1640415629082164e-30
low_morgan_lt_0.20,AtomPair,top50_corr,cgp_minus_baseline,1856,0.010890776390203808,0.009434876433248616,0.012423222737795971,0.6217672413793104,5.896641452418627e-43
low_morgan_lt_0.20,AtomPair,ndcg50,cgp_minus_baseline,1856,0.0352830789477563,0.030605693248856283,0.03962591698294502,0.6185344827586207,2.1523052303786424e-42
low_morgan_lt_0.20,AtomPair,retention50,cgp_minus_baseline,1856,0.04728111073711071,0.04114806738744363,0.05319947751401368,0.6217672413793104,5.2998456138374164e-43
low_morgan_lt_0.20,AtomPair,functional_top10_in_top50_rate,cgp_minus_baseline,1856,0.027640086206896553,0.02208917025862069,0.03324488146551723,0.3011853448275862,2.757022518377641e-20
low_morgan_lt_0.20,AtomPair,mean_functional_neighbor_rank_percentile,baseline_minus_cgp,1856,0.043609697756445624,0.03667165527626773,0.05031223080441669,0.6373922413793104,1.099501653635489e-37
low_morgan_lt_0.20,Avalon,top50_corr,cgp_minus_baseline,1856,0.013084144790531917,0.011558233770373107,0.014742654656827288,0.6433189655172413,5.731729834711089e-56
low_morgan_lt_0.20,Avalon,ndcg50,cgp_minus_baseline,1856,0.04323223652150854,0.038538358977210585,0.0480755299764261,0.6449353448275862,7.170806925816921e-57
low_morgan_lt_0.20,Avalon,retention50,cgp_minus_baseline,1856,0.05873059219193425,0.05230267168676609,0.06513962911920503,0.6433189655172413,1.6338336770119062e-55
low_morgan_lt_0.20,Avalon,functional_top10_in_top50_rate,cgp_minus_baseline,1856,0.03125,0.02548491379310345,0.03690867456896551,0.3141163793103448,5.051084732406341e-24
low_morgan_lt_0.20,Avalon,mean_functional_neighbor_rank_percentile,baseline_minus_cgp,1856,0.05280449091589281,0.04574258797019159,0.060043361827704284,0.6578663793103449,2.2000961842801094e-51
low_morgan_lt_0.20,Morgan,top50_corr,cgp_minus_baseline,1856,0.015167828796539233,0.013561012818990926,0.016862805736903658,0.65625,2.5660560471221956e-65
low_morgan_lt_0.20,Morgan,ndcg50,cgp_minus_baseline,1856,0.04743529937880307,0.042757143272462064,0.0525119423779202,0.6427801724137931,1.0567400576256863e-60
low_morgan_lt_0.20,Morgan,retention50,cgp_minus_baseline,1856,0.06696361284481409,0.06047116677371125,0.07351905448982869,0.65625,6.536250355655883e-66
low_morgan_lt_0.20,Morgan,functional_top10_in_top50_rate,cgp_minus_baseline,1856,0.0328125,0.02699353448275862,0.0384698275862069,0.3114224137931034,2.0767866320105453e-27
low_morgan_lt_0.20,Morgan,mean_functional_neighbor_rank_percentile,baseline_minus_cgp,1856,0.058135085270783794,0.0508890474184639,0.06483441027857202,0.6686422413793104,3.3751978504873837e-57
low_morgan_lt_0.20,NYAN,top50_corr,cgp_minus_baseline,1856,0.010763066158584387,0.009288847568776144,0.01231215867189332,0.6282327586206896,7.10424739660155e-42
low_morgan_lt_0.20,NYAN,ndcg50,cgp_minus_baseline,1856,0.03371985479947353,0.029055436575325357,0.037969368043278905,0.6056034482758621,1.154319589087291e-36
low_morgan_lt_0.20,NYAN,retention50,cgp_minus_baseline,1856,0.04701718206408989,0.04112925026250265,0.05311209526937862,0.6282327586206896,9.469300299501116e-42
low_morgan_lt_0.20,NYAN,functional_top10_in_top50_rate,cgp_minus_baseline,1856,0.023545258620689655,0.017994342672413798,0.028717672413793104,0.2855603448275862,1.3376588508510112e-14
low_morgan_lt_0.20,NYAN,mean_functional_neighbor_rank_percentile,baseline_minus_cgp,1856,0.03674102960617178,0.030384206491580707,0.042964504030319525,0.6120689655172413,5.3451406820055605e-30
low_morgan_lt_0.20,RDKit2D,top50_corr,cgp_minus_baseline,1856,0.011605874459659712,0.010050464913084497,0.01322299885677861,0.6029094827586207,2.4005628815751643e-37
low_morgan_lt_0.20,RDKit2D,ndcg50,cgp_minus_baseline,1856,0.03468503739180404,0.029937755348661797,0.03944294228679987,0.5964439655172413,9.457710368897076e-34
low_morgan_lt_0.20,RDKit2D,retention50,cgp_minus_baseline,1856,0.047347679782222166,0.04121101111497807,0.05359755993219361,0.6029094827586207,3.0918896471577535e-36
low_morgan_lt_0.20,RDKit2D,functional_top10_in_top50_rate,cgp_minus_baseline,1856,0.025484913793103445,0.0201495150862069,0.031034482758620686,0.2860991379310345,8.618832881150102e-17
low_morgan_lt_0.20,RDKit2D,mean_functional_neighbor_rank_percentile,baseline_minus_cgp,1856,0.036053021803702914,0.029934706245832048,0.042382842941455695,0.6120689655172413,3.0304744973615796e-28
low_morgan_lt_0.25,AtomPair,top50_corr,cgp_minus_baseline,1856,0.010963965066144058,0.009552215022439012,0.012490952305503036,0.6223060344827587,1.6639131231881897e-43
low_morgan_lt_0.25,AtomPair,ndcg50,cgp_minus_baseline,1856,0.03500209778421998,0.030615037648173627,0.03945194871808697,0.625,6.44790142041181e-43
low_morgan_lt_0.25,AtomPair,retention50,cgp_minus_baseline,1856,0.04660759516326181,0.04072591042721013,0.05252175001176096,0.6223060344827587,9.492930094522849e-43
low_morgan_lt_0.25,AtomPair,functional_top10_in_top50_rate,cgp_minus_baseline,1856,0.027909482758620693,0.022574084051724137,0.03329741379310345,0.30064655172413796,1.733241079070109e-21
low_morgan_lt_0.25,AtomPair,mean_functional_neighbor_rank_percentile,baseline_minus_cgp,1856,0.04256775564237996,0.035641935156898556,0.04936159456155731,0.6320043103448276,1.243399543887594e-36
low_morgan_lt_0.25,Avalon,top50_corr,cgp_minus_baseline,1856,0.012825301468517007,0.011257428239062723,0.014462469867918638,0.6282327586206896,1.6670789476384734e-51
low_morgan_lt_0.25,Avalon,ndcg50,cgp_minus_baseline,1856,0.040051728448182985,0.0354521540262437,0.044865521293170084,0.6298491379310345,5.0915375974991784e-49
low_morgan_lt_0.25,Avalon,retention50,cgp_minus_baseline,1856,0.055986543171737596,0.049726651536144,0.062442347591048525,0.6282327586206896,4.5679461748768646e-51
low_morgan_lt_0.25,Avalon,functional_top10_in_top50_rate,cgp_minus_baseline,1856,0.028125,0.02241109913793103,0.0341608297413793,0.3098060344827586,4.549939194718531e-19
low_morgan_lt_0.25,Avalon,mean_functional_neighbor_rank_percentile,baseline_minus_cgp,1856,0.05194884061456117,0.045067791093418186,0.05890093138380734,0.65625,1.6978417667435692e-50
low_morgan_lt_0.25,Morgan,top50_corr,cgp_minus_baseline,1856,0.013756780065406808,0.012209140315937289,0.01527886710385858,0.6438577586206896,3.079577493824271e-60
low_morgan_lt_0.25,Morgan,ndcg50,cgp_minus_baseline,1856,0.04201617896562414,0.03744666160464504,0.04672788074313506,0.6276939655172413,3.328160750538367e-55
low_morgan_lt_0.25,Morgan,retention50,cgp_minus_baseline,1856,0.05915081345716518,0.05314123398422852,0.06479698219693064,0.6438577586206896,5.186021377373456e-60
low_morgan_lt_0.25,Morgan,functional_top10_in_top50_rate,cgp_minus_baseline,1856,0.02435344827586207,0.018965517241379314,0.02990301724137931,0.29364224137931033,1.8675896598418777e-15
low_morgan_lt_0.25,Morgan,mean_functional_neighbor_rank_percentile,baseline_minus_cgp,1856,0.05374249121282522,0.046859962751925825,0.06083747235100379,0.6514008620689655,7.14975575541771e-51
low_morgan_lt_0.25,NYAN,top50_corr,cgp_minus_baseline,1856,0.010741384011998844,0.009281879157834707,0.012178928527060935,0.6142241379310345,1.3662577261257631e-39
low_morgan_lt_0.25,NYAN,ndcg50,cgp_minus_baseline,1856,0.033178901388597734,0.028835937962481697,0.03749696976387929,0.6109913793103449,1.921375118994297e-35
low_morgan_lt_0.25,NYAN,retention50,cgp_minus_baseline,1856,0.0455236844079614,0.03928582137444386,0.051943022738871525,0.6142241379310345,4.0629527153000546e-39
low_morgan_lt_0.25,NYAN,functional_top10_in_top50_rate,cgp_minus_baseline,1856,0.025161637931034483,0.019989224137931035,0.03049703663793103,0.28825431034482757,1.421108699815872e-17
low_morgan_lt_0.25,NYAN,mean_functional_neighbor_rank_percentile,baseline_minus_cgp,1856,0.03670400230393638,0.030126478481334415,0.04306036389748318,0.6179956896551724,4.2097648364886565e-31
low_morgan_lt_0.25,RDKit2D,top50_corr,cgp_minus_baseline,1856,0.010766399600267255,0.009288928804440863,0.012259478987200319,0.6007543103448276,3.7027178480837043e-34
low_morgan_lt_0.25,RDKit2D,ndcg50,cgp_minus_baseline,1856,0.030861020132150484,0.026263134673915955,0.035712261118984436,0.5894396551724138,2.1628554233290814e-28
low_morgan_lt_0.25,RDKit2D,retention50,cgp_minus_baseline,1856,0.042600650893495795,0.036247033511499875,0.04876736881627856,0.6007543103448276,1.102434988031402e-32
low_morgan_lt_0.25,RDKit2D,functional_top10_in_top50_rate,cgp_minus_baseline,1856,0.02165948275862069,0.016647359913793104,0.02704741379310345,0.2801724137931034,2.994552767919894e-13
low_morgan_lt_0.25,RDKit2D,mean_functional_neighbor_rank_percentile,baseline_minus_cgp,1856,0.03427345502225603,0.027874923570715127,0.040335520175345405,0.6077586206896551,1.3117880191866276e-26
low_morgan_lt_0.30,AtomPair,top50_corr,cgp_minus_baseline,1856,0.010537993027424784,0.009050176398362647,0.011937809966330572,0.6126077586206896,1.4816629212078314e-39
low_morgan_lt_0.30,AtomPair,ndcg50,cgp_minus_baseline,1856,0.03336760353240588,0.0291596983786706,0.03775809623861823,0.6142241379310345,2.1336015748257913e-38
low_morgan_lt_0.30,AtomPair,retention50,cgp_minus_baseline,1856,0.04394607702221402,0.03791942386182027,0.0498734766507315,0.6126077586206896,6.26883985285281e-39
low_morgan_lt_0.30,AtomPair,functional_top10_in_top50_rate,cgp_minus_baseline,1856,0.02575431034482759,0.02042025862068966,0.031142241379310345,0.28825431034482757,1.1790643116434158e-17
low_morgan_lt_0.30,AtomPair,mean_functional_neighbor_rank_percentile,baseline_minus_cgp,1856,0.04162493231714929,0.03447382239006077,0.04862105544516837,0.6363146551724138,1.425277579925121e-36
low_morgan_lt_0.30,Avalon,top50_corr,cgp_minus_baseline,1856,0.012313523752976771,0.010791663242213185,0.013882363217970425,0.6293103448275862,2.3747706532666305e-49
low_morgan_lt_0.30,Avalon,ndcg50,cgp_minus_baseline,1856,0.03816888618608096,0.03366889116827495,0.04268297442666571,0.6325431034482759,2.5100702373820767e-46
low_morgan_lt_0.30,Avalon,retention50,cgp_minus_baseline,1856,0.05307688633010841,0.047001515124062095,0.05935084772543946,0.6293103448275862,1.0367000727893871e-48
low_morgan_lt_0.30,Avalon,functional_top10_in_top50_rate,cgp_minus_baseline,1856,0.025484913793103445,0.01982489224137931,0.03130387931034483,0.30064655172413796,1.4295100124329814e-16
low_morgan_lt_0.30,Avalon,mean_functional_neighbor_rank_percentile,baseline_minus_cgp,1856,0.051070261058790575,0.04426370060485978,0.057913427435788506,0.6535560344827587,5.466470680731211e-50
low_morgan_lt_0.30,Morgan,top50_corr,cgp_minus_baseline,1856,0.012829512682211257,0.011322663161262247,0.014487100786250503,0.6336206896551724,1.0421182587450697e-54
low_morgan_lt_0.30,Morgan,ndcg50,cgp_minus_baseline,1856,0.037839183902714395,0.033266058651035595,0.042311609959542106,0.6142241379310345,1.3202737307876931e-46
low_morgan_lt_0.30,Morgan,retention50,cgp_minus_baseline,1856,0.054585992938233296,0.048791429504001047,0.060481455738184656,0.6336206896551724,2.9403304474691434e-54
low_morgan_lt_0.30,Morgan,functional_top10_in_top50_rate,cgp_minus_baseline,1856,0.019019396551724136,0.013793103448275864,0.02424568965517241,0.2796336206896552,1.4308200371971795e-10
low_morgan_lt_0.30,Morgan,mean_functional_neighbor_rank_percentile,baseline_minus_cgp,1856,0.05113204962989581,0.044652205435183216,0.05754052397955355,0.6449353448275862,1.0088342777690127e-47
low_morgan_lt_0.30,NYAN,top50_corr,cgp_minus_baseline,1856,0.010418899482156406,0.008971787247963206,0.01189046546594944,0.6088362068965517,1.1590680417988169e-35
low_morgan_lt_0.30,NYAN,ndcg50,cgp_minus_baseline,1856,0.031936803550348974,0.027643178537132537,0.03650832939960421,0.5959051724137931,7.948518624014813e-32
low_morgan_lt_0.30,NYAN,retention50,cgp_minus_baseline,1856,0.04309161154413703,0.03704945877470857,0.04911214533469157,0.6088362068965517,4.480929866655074e-35
low_morgan_lt_0.30,NYAN,functional_top10_in_top50_rate,cgp_minus_baseline,1856,0.023976293103448277,0.01848060344827586,0.02909617456896551,0.28448275862068967,1.99807646968368e-15
low_morgan_lt_0.30,NYAN,mean_functional_neighbor_rank_percentile,baseline_minus_cgp,1856,0.03613140047467238,0.029068626509463368,0.042507386095626716,0.6217672413793104,4.6613527221506365e-31
low_morgan_lt_0.30,RDKit2D,top50_corr,cgp_minus_baseline,1856,0.009829737828727788,0.008387554395122896,0.011333791615437369,0.5915948275862069,5.248302469322518e-29
low_morgan_lt_0.30,RDKit2D,ndcg50,cgp_minus_baseline,1856,0.027210094444977864,0.022903117192068907,0.031488582599565,0.5948275862068966,5.6124142677255874e-24
low_morgan_lt_0.30,RDKit2D,retention50,cgp_minus_baseline,1856,0.03790020593507443,0.032247044063464694,0.04368589231892349,0.5915948275862069,1.3623626150774258e-27
low_morgan_lt_0.30,RDKit2D,functional_top10_in_top50_rate,cgp_minus_baseline,1856,0.01697198275862069,0.011799568965517242,0.022036637931034487,0.2661637931034483,1.8794729283254875e-08
low_morgan_lt_0.30,RDKit2D,mean_functional_neighbor_rank_percentile,baseline_minus_cgp,1856,0.03295648326057125,0.027020399858991795,0.03914675982086477,0.6039870689655172,1.8007447224705945e-25
