method,num_queries,topk,corr_threshold,directed_hits,unique_pair_hits,queries_with_hit,query_hit_rate,hit_yield_per_1000_ranked,mean_hit_rank,median_hit_corr,setting,low_tanimoto
CGP-Align,1856,10,0.25,676,541,237,0.12769396551724138,36.42241379310345,5.171597633136095,0.3325081467628479,low_morgan_lt_0.15,0.15
RDKit2D,1856,10,0.25,203,186,134,0.07219827586206896,10.9375,5.733990147783251,0.31993600726127625,low_morgan_lt_0.15,0.15
NYAN,1856,10,0.25,267,209,175,0.09428879310344827,14.385775862068964,5.2434456928838955,0.3209424912929535,low_morgan_lt_0.15,0.15
Morgan,1856,10,0.25,200,133,151,0.08135775862068965,10.775862068965518,5.32,0.3111701011657715,low_morgan_lt_0.15,0.15
AtomPair,1856,10,0.25,249,194,158,0.08512931034482758,13.41594827586207,5.7991967871485945,0.3161308169364929,low_morgan_lt_0.15,0.15
Avalon,1856,10,0.25,250,180,149,0.08028017241379311,13.469827586206895,5.296,0.3257257640361786,low_morgan_lt_0.15,0.15
Random,1856,10,0.25,161,160,129,0.06950431034482758,8.674568965517242,5.3602484472049685,0.3133445680141449,low_morgan_lt_0.15,0.15
CGP-Align,1856,50,0.25,2716,1991,346,0.18642241379310345,29.267241379310345,23.48306332842415,0.32336051762104034,low_morgan_lt_0.15,0.15
RDKit2D,1856,50,0.25,1092,862,294,0.1584051724137931,11.767241379310345,26.424908424908423,0.30779802799224854,low_morgan_lt_0.15,0.15
NYAN,1856,50,0.25,1210,881,314,0.16918103448275862,13.038793103448276,24.551239669421488,0.30833613872528076,low_morgan_lt_0.15,0.15
Morgan,1856,50,0.25,887,550,296,0.15948275862068967,9.558189655172415,24.26042841037204,0.3102371096611023,low_morgan_lt_0.15,0.15
AtomPair,1856,50,0.25,1271,903,334,0.17995689655172414,13.696120689655173,25.557828481510622,0.3096563518047333,low_morgan_lt_0.15,0.15
Avalon,1856,50,0.25,1124,797,285,0.15355603448275862,12.11206896551724,24.941281138790035,0.31239302456378937,low_morgan_lt_0.15,0.15
Random,1856,50,0.25,655,645,251,0.13523706896551724,7.058189655172414,24.181679389312976,0.30979055166244507,low_morgan_lt_0.15,0.15
CGP-Align,1856,100,0.25,4704,3246,406,0.21875,25.344827586206897,44.82525510204081,0.3221901059150696,low_morgan_lt_0.15,0.15
RDKit2D,1856,100,0.25,2119,1508,369,0.19881465517241378,11.417025862068966,49.99575271354412,0.3079330623149872,low_morgan_lt_0.15,0.15
NYAN,1856,100,0.25,2297,1598,384,0.20689655172413793,12.376077586206897,48.613408794079234,0.3085557222366333,low_morgan_lt_0.15,0.15
Morgan,1856,100,0.25,1744,1061,361,0.1945043103448276,9.39655172413793,49.47935779816514,0.31206750869750977,low_morgan_lt_0.15,0.15
AtomPair,1856,100,0.25,2468,1678,393,0.2117456896551724,13.297413793103448,49.79902755267423,0.3099846690893173,low_morgan_lt_0.15,0.15
Avalon,1856,100,0.25,2323,1633,359,0.19342672413793102,12.516163793103448,50.738269479121826,0.312618225812912,low_morgan_lt_0.15,0.15
Random,1856,100,0.25,1283,1237,321,0.17295258620689655,6.912715517241379,49.61340607950117,0.30943581461906433,low_morgan_lt_0.15,0.15
CGP-Align,1856,10,0.3,435,347,183,0.09859913793103449,23.4375,5.147126436781609,0.3787873089313507,low_morgan_lt_0.15,0.15
RDKit2D,1856,10,0.3,122,109,86,0.04633620689655173,6.573275862068965,5.704918032786885,0.3638290911912918,low_morgan_lt_0.15,0.15
NYAN,1856,10,0.3,155,122,114,0.061422413793103446,8.351293103448276,5.180645161290323,0.3625262677669525,low_morgan_lt_0.15,0.15
Morgan,1856,10,0.3,117,77,93,0.050107758620689655,6.303879310344827,5.555555555555555,0.3516162633895874,low_morgan_lt_0.15,0.15
AtomPair,1856,10,0.3,149,116,106,0.057112068965517244,8.028017241379311,5.758389261744966,0.3622577488422394,low_morgan_lt_0.15,0.15
Avalon,1856,10,0.3,153,109,99,0.05334051724137931,8.243534482758621,5.372549019607843,0.3848552107810974,low_morgan_lt_0.15,0.15
Random,1856,10,0.3,92,91,78,0.04202586206896552,4.956896551724138,5.239130434782608,0.35887467861175537,low_morgan_lt_0.15,0.15
CGP-Align,1856,50,0.3,1680,1234,263,0.14170258620689655,18.10344827586207,23.10892857142857,0.36759185791015625,low_morgan_lt_0.15,0.15
RDKit2D,1856,50,0.3,595,473,206,0.11099137931034483,6.411637931034482,25.863865546218488,0.35436737537384033,low_morgan_lt_0.15,0.15
NYAN,1856,50,0.3,672,491,223,0.12015086206896551,7.241379310344828,24.540178571428573,0.3617049306631088,low_morgan_lt_0.15,0.15
Morgan,1856,50,0.3,512,314,204,0.10991379310344827,5.517241379310344,23.966796875,0.3652171194553375,low_morgan_lt_0.15,0.15
AtomPair,1856,50,0.3,711,508,239,0.12877155172413793,7.661637931034483,25.09845288326301,0.35861527919769287,low_morgan_lt_0.15,0.15
Avalon,1856,50,0.3,645,455,210,0.11314655172413793,6.950431034482759,24.525581395348837,0.36491870880126953,low_morgan_lt_0.15,0.15
Random,1856,50,0.3,369,362,163,0.08782327586206896,3.976293103448276,23.823848238482384,0.35925018787384033,low_morgan_lt_0.15,0.15
CGP-Align,1856,100,0.3,2898,1981,297,0.16002155172413793,15.614224137931034,44.43685300207039,0.3669779598712921,low_morgan_lt_0.15,0.15
RDKit2D,1856,100,0.3,1165,833,258,0.13900862068965517,6.276939655172415,49.67982832618026,0.3552015721797943,low_morgan_lt_0.15,0.15
NYAN,1856,100,0.3,1274,890,276,0.14870689655172414,6.864224137931034,48.5894819466248,0.35857899487018585,low_morgan_lt_0.15,0.15
Morgan,1856,100,0.3,1004,606,254,0.13685344827586207,5.4094827586206895,49.47211155378486,0.36333855986595154,low_morgan_lt_0.15,0.15
AtomPair,1856,100,0.3,1371,936,287,0.15463362068965517,7.386853448275862,49.099197665937275,0.3569687306880951,low_morgan_lt_0.15,0.15
Avalon,1856,100,0.3,1347,957,269,0.14493534482758622,7.257543103448276,50.73645137342242,0.36491870880126953,low_morgan_lt_0.15,0.15
Random,1856,100,0.3,716,691,210,0.11314655172413793,3.8577586206896552,49.537709497206706,0.36200225353240967,low_morgan_lt_0.15,0.15
CGP-Align,1856,10,0.4,182,144,89,0.047952586206896554,9.806034482758621,5.093406593406593,0.4711547940969467,low_morgan_lt_0.15,0.15
RDKit2D,1856,10,0.4,44,37,38,0.020474137931034482,2.3706896551724137,5.590909090909091,0.4514610916376114,low_morgan_lt_0.15,0.15
NYAN,1856,10,0.4,57,47,49,0.026400862068965518,3.0711206896551726,5.245614035087719,0.4531497061252594,low_morgan_lt_0.15,0.15
Morgan,1856,10,0.4,33,24,28,0.015086206896551725,1.7780172413793105,6.454545454545454,0.4446864128112793,low_morgan_lt_0.15,0.15
AtomPair,1856,10,0.4,40,31,34,0.018318965517241378,2.155172413793103,6.35,0.4445660412311554,low_morgan_lt_0.15,0.15
Avalon,1856,10,0.4,56,39,42,0.022629310344827586,3.0172413793103448,5.517857142857143,0.44485732913017273,low_morgan_lt_0.15,0.15
Random,1856,10,0.4,31,30,28,0.015086206896551725,1.6702586206896552,4.935483870967742,0.4621826410293579,low_morgan_lt_0.15,0.15
CGP-Align,1856,50,0.4,595,423,161,0.08674568965517242,6.411637931034482,20.726050420168068,0.4547354578971863,low_morgan_lt_0.15,0.15
RDKit2D,1856,50,0.4,188,154,98,0.052801724137931036,2.025862068965517,25.627659574468087,0.45233553647994995,low_morgan_lt_0.15,0.15
NYAN,1856,50,0.4,232,168,120,0.06465517241379311,2.5,24.155172413793103,0.45730698108673096,low_morgan_lt_0.15,0.15
Morgan,1856,50,0.4,182,109,106,0.057112068965517244,1.961206896551724,24.78021978021978,0.4532136023044586,low_morgan_lt_0.15,0.15
AtomPair,1856,50,0.4,196,143,108,0.05818965517241379,2.112068965517241,25.637755102040817,0.44991709291934967,low_morgan_lt_0.15,0.15
Avalon,1856,50,0.4,209,147,108,0.05818965517241379,2.2521551724137927,22.880382775119617,0.4406386911869049,low_morgan_lt_0.15,0.15
Random,1856,50,0.4,106,105,72,0.03879310344827586,1.1422413793103448,23.50943396226415,0.44391946494579315,low_morgan_lt_0.15,0.15
CGP-Align,1856,100,0.4,998,674,182,0.0980603448275862,5.377155172413793,41.79058116232465,0.45013296604156494,low_morgan_lt_0.15,0.15
RDKit2D,1856,100,0.4,362,263,131,0.07058189655172414,1.9504310344827585,49.68508287292818,0.4507833421230316,low_morgan_lt_0.15,0.15
NYAN,1856,100,0.4,403,277,148,0.07974137931034483,2.1713362068965516,46.01985111662531,0.45306265354156494,low_morgan_lt_0.15,0.15
Morgan,1856,100,0.4,340,208,141,0.07596982758620689,1.831896551724138,48.241176470588236,0.4512026011943817,low_morgan_lt_0.15,0.15
AtomPair,1856,100,0.4,398,274,160,0.08620689655172414,2.144396551724138,50.69597989949749,0.44991709291934967,low_morgan_lt_0.15,0.15
Avalon,1856,100,0.4,426,303,143,0.07704741379310345,2.2952586206896552,49.251173708920184,0.4428821951150894,low_morgan_lt_0.15,0.15
Random,1856,100,0.4,209,204,101,0.05441810344827586,1.1260775862068964,49.961722488038276,0.4443823993206024,low_morgan_lt_0.15,0.15
CGP-Align,1856,10,0.25,754,587,267,0.14385775862068967,40.625,5.245358090185676,0.33685383200645447,low_morgan_lt_0.20,0.2
RDKit2D,1856,10,0.25,280,247,178,0.09590517241379311,15.086206896551724,5.353571428571429,0.32904210686683655,low_morgan_lt_0.20,0.2
NYAN,1856,10,0.25,346,274,199,0.10721982758620689,18.642241379310345,5.384393063583815,0.3262544870376587,low_morgan_lt_0.20,0.2
Morgan,1856,10,0.25,279,177,186,0.10021551724137931,15.032327586206897,5.111111111111111,0.33649176359176636,low_morgan_lt_0.20,0.2
AtomPair,1856,10,0.25,309,236,181,0.09752155172413793,16.648706896551726,5.449838187702265,0.32904210686683655,low_morgan_lt_0.20,0.2
Avalon,1856,10,0.25,288,214,173,0.09321120689655173,15.517241379310345,5.71875,0.3252861201763153,low_morgan_lt_0.20,0.2
Random,1856,10,0.25,120,119,99,0.05334051724137931,6.4655172413793105,5.35,0.30036865174770355,low_morgan_lt_0.20,0.2
CGP-Align,1856,50,0.25,3031,2237,367,0.19773706896551724,32.661637931034484,23.711316397228636,0.32972368597984314,low_morgan_lt_0.20,0.2
RDKit2D,1856,50,0.25,1337,1023,317,0.17079741379310345,14.407327586206897,24.594614809274496,0.32262685894966125,low_morgan_lt_0.20,0.2
NYAN,1856,50,0.25,1452,1056,351,0.18911637931034483,15.646551724137932,24.12878787878788,0.31736257672309875,low_morgan_lt_0.20,0.2
Morgan,1856,50,0.25,1127,713,334,0.17995689655172414,12.144396551724139,23.570541259982253,0.32525137066841125,low_morgan_lt_0.20,0.2
AtomPair,1856,50,0.25,1455,1041,343,0.18480603448275862,15.678879310344826,25.05360824742268,0.3210274577140808,low_morgan_lt_0.20,0.2
Avalon,1856,50,0.25,1315,900,314,0.16918103448275862,14.170258620689657,24.736882129277568,0.3233618140220642,low_morgan_lt_0.20,0.2
Random,1856,50,0.25,672,655,266,0.14331896551724138,7.241379310344828,26.361607142857142,0.3061753213405609,low_morgan_lt_0.20,0.2
CGP-Align,1856,100,0.25,5342,3775,416,0.22413793103448276,28.782327586206897,45.54118307749906,0.325595498085022,low_morgan_lt_0.20,0.2
RDKit2D,1856,100,0.25,2577,1798,400,0.21551724137931033,13.884698275862068,48.87776484284051,0.3174872100353241,low_morgan_lt_0.20,0.2
NYAN,1856,100,0.25,2684,1844,407,0.2192887931034483,14.461206896551724,47.5424739195231,0.3151449114084244,low_morgan_lt_0.20,0.2
Morgan,1856,100,0.25,2114,1318,383,0.20635775862068967,11.390086206896552,47.67407757805109,0.32159994542598724,low_morgan_lt_0.20,0.2
AtomPair,1856,100,0.25,2824,1907,411,0.22144396551724138,15.21551724137931,49.396954674220964,0.3183371424674988,low_morgan_lt_0.20,0.2
Avalon,1856,100,0.25,2590,1779,373,0.2009698275862069,13.954741379310345,49.61003861003861,0.31927239894866943,low_morgan_lt_0.20,0.2
Random,1856,100,0.25,1344,1308,343,0.18480603448275862,7.241379310344828,50.43452380952381,0.3059873878955841,low_morgan_lt_0.20,0.2
CGP-Align,1856,10,0.3,507,390,208,0.11206896551724138,27.316810344827587,5.21301775147929,0.37334543466567993,low_morgan_lt_0.20,0.2
RDKit2D,1856,10,0.3,187,162,132,0.07112068965517242,10.075431034482758,5.197860962566845,0.36649957299232483,low_morgan_lt_0.20,0.2
NYAN,1856,10,0.3,211,169,135,0.07273706896551724,11.368534482758621,5.312796208530806,0.3699013590812683,low_morgan_lt_0.20,0.2
Morgan,1856,10,0.3,191,121,138,0.07435344827586207,10.29094827586207,5.0890052356020945,0.36649957299232483,low_morgan_lt_0.20,0.2
AtomPair,1856,10,0.3,198,150,130,0.07004310344827586,10.668103448275863,5.4393939393939394,0.3657797574996948,low_morgan_lt_0.20,0.2
Avalon,1856,10,0.3,184,136,120,0.06465517241379311,9.913793103448276,5.673913043478261,0.37518587708473206,low_morgan_lt_0.20,0.2
Random,1856,10,0.3,60,60,53,0.028556034482758622,3.2327586206896552,5.483333333333333,0.3646082282066345,low_morgan_lt_0.20,0.2
CGP-Align,1856,50,0.3,1965,1451,287,0.15463362068965517,21.174568965517242,23.470737913486005,0.3708104193210602,low_morgan_lt_0.20,0.2
RDKit2D,1856,50,0.3,839,632,249,0.1341594827586207,9.04094827586207,24.194278903456496,0.36426860094070435,low_morgan_lt_0.20,0.2
NYAN,1856,50,0.3,852,621,266,0.14331896551724138,9.181034482758621,23.671361502347416,0.3658733069896698,low_morgan_lt_0.20,0.2
Morgan,1856,50,0.3,734,454,263,0.14170258620689655,7.9094827586206895,22.9850136239782,0.3638567328453064,low_morgan_lt_0.20,0.2
AtomPair,1856,50,0.3,898,635,261,0.140625,9.676724137931034,24.85857461024499,0.36163753271102905,low_morgan_lt_0.20,0.2
Avalon,1856,50,0.3,819,557,247,0.13308189655172414,8.825431034482758,24.39072039072039,0.3657851815223694,low_morgan_lt_0.20,0.2
Random,1856,50,0.3,353,344,163,0.08782327586206896,3.8038793103448274,26.087818696883854,0.3644147515296936,low_morgan_lt_0.20,0.2
CGP-Align,1856,100,0.3,3374,2384,314,0.16918103448275862,18.17887931034483,44.53764078245406,0.3676287829875946,low_morgan_lt_0.20,0.2
RDKit2D,1856,100,0.3,1543,1068,302,0.1627155172413793,8.313577586206897,47.358392741412835,0.3596370816230774,low_morgan_lt_0.20,0.2
NYAN,1856,100,0.3,1566,1079,312,0.16810344827586207,8.4375,47.3786717752235,0.36163753271102905,low_morgan_lt_0.20,0.2
Morgan,1856,100,0.3,1312,813,295,0.15894396551724138,7.068965517241379,45.80868902439025,0.36283379793167114,low_morgan_lt_0.20,0.2
AtomPair,1856,100,0.3,1689,1140,314,0.16918103448275862,9.10021551724138,48.43516873889876,0.36019307374954224,low_morgan_lt_0.20,0.2
Avalon,1856,100,0.3,1563,1075,296,0.15948275862068967,8.421336206896552,48.67690339091491,0.36489731073379517,low_morgan_lt_0.20,0.2
Random,1856,100,0.3,718,698,222,0.11961206896551724,3.8685344827586206,50.45403899721448,0.3617500513792038,low_morgan_lt_0.20,0.2
CGP-Align,1856,10,0.4,206,153,102,0.05495689655172414,11.099137931034482,5.101941747572815,0.472988098859787,low_morgan_lt_0.20,0.2
RDKit2D,1856,10,0.4,67,56,57,0.030711206896551723,3.609913793103448,5.119402985074627,0.47375863790512085,low_morgan_lt_0.20,0.2
NYAN,1856,10,0.4,78,62,60,0.032327586206896554,4.202586206896552,5.230769230769231,0.4559837430715561,low_morgan_lt_0.20,0.2
Morgan,1856,10,0.4,65,41,50,0.02693965517241379,3.502155172413793,4.753846153846154,0.4649767577648163,low_morgan_lt_0.20,0.2
AtomPair,1856,10,0.4,62,46,50,0.02693965517241379,3.3405172413793105,5.741935483870968,0.45204757153987885,low_morgan_lt_0.20,0.2
Avalon,1856,10,0.4,69,51,53,0.028556034482758622,3.7176724137931036,6.072463768115942,0.47460949420928955,low_morgan_lt_0.20,0.2
Random,1856,10,0.4,19,19,19,0.010237068965517241,1.0237068965517242,5.7368421052631575,0.4613930881023407,low_morgan_lt_0.20,0.2
CGP-Align,1856,50,0.4,735,532,179,0.09644396551724138,7.920258620689656,22.289795918367346,0.4555748999118805,low_morgan_lt_0.20,0.2
RDKit2D,1856,50,0.4,273,208,138,0.07435344827586207,2.9418103448275863,22.926739926739927,0.45995739102363586,low_morgan_lt_0.20,0.2
NYAN,1856,50,0.4,300,217,147,0.07920258620689655,3.2327586206896552,22.81,0.4559837430715561,low_morgan_lt_0.20,0.2
Morgan,1856,50,0.4,239,146,132,0.07112068965517242,2.5754310344827585,21.702928870292887,0.4649767577648163,low_morgan_lt_0.20,0.2
AtomPair,1856,50,0.4,263,190,133,0.07165948275862069,2.834051724137931,24.695817490494296,0.45352405309677124,low_morgan_lt_0.20,0.2
Avalon,1856,50,0.4,271,183,139,0.07489224137931035,2.9202586206896552,22.763837638376383,0.4512271583080292,low_morgan_lt_0.20,0.2
Random,1856,50,0.4,109,107,69,0.037176724137931036,1.1745689655172413,27.623853211009173,0.4438727796077728,low_morgan_lt_0.20,0.2
CGP-Align,1856,100,0.4,1179,824,206,0.11099137931034483,6.352370689655173,41.75996607294317,0.45396217703819275,low_morgan_lt_0.20,0.2
RDKit2D,1856,100,0.4,485,343,173,0.09321120689655173,2.613146551724138,46.11752577319588,0.4555089473724365,low_morgan_lt_0.20,0.2
NYAN,1856,100,0.4,527,356,184,0.09913793103448276,2.8394396551724137,45.27703984819734,0.4574241638183594,low_morgan_lt_0.20,0.2
Morgan,1856,100,0.4,426,261,176,0.09482758620689655,2.2952586206896552,44.659624413145536,0.45679204165935516,low_morgan_lt_0.20,0.2
AtomPair,1856,100,0.4,511,345,178,0.09590517241379311,2.7532327586206895,49.58904109589041,0.4518728256225586,low_morgan_lt_0.20,0.2
Avalon,1856,100,0.4,509,345,183,0.09859913793103449,2.742456896551724,46.648330058939095,0.45013296604156494,low_morgan_lt_0.20,0.2
Random,1856,100,0.4,211,206,99,0.05334051724137931,1.136853448275862,49.62559241706161,0.4452095925807953,low_morgan_lt_0.20,0.2
CGP-Align,1856,10,0.25,824,641,272,0.14655172413793102,44.39655172413793,5.241504854368932,0.33909960091114044,low_morgan_lt_0.25,0.25
RDKit2D,1856,10,0.25,376,301,186,0.10021551724137931,20.25862068965517,5.3138297872340425,0.3346579372882843,low_morgan_lt_0.25,0.25
NYAN,1856,10,0.25,381,294,196,0.10560344827586207,20.528017241379313,5.377952755905512,0.3312317430973053,low_morgan_lt_0.25,0.25
Morgan,1856,10,0.25,353,236,190,0.10237068965517242,19.01939655172414,5.379603399433428,0.3434675335884094,low_morgan_lt_0.25,0.25
AtomPair,1856,10,0.25,344,265,191,0.10290948275862069,18.534482758620687,5.325581395348837,0.3266269862651825,low_morgan_lt_0.25,0.25
Avalon,1856,10,0.25,342,245,189,0.10183189655172414,18.426724137931032,5.2368421052631575,0.33640992641448975,low_morgan_lt_0.25,0.25
Random,1856,10,0.25,120,120,92,0.04956896551724138,6.4655172413793105,5.1,0.325267031788826,low_morgan_lt_0.25,0.25
CGP-Align,1856,50,0.25,3188,2350,374,0.20150862068965517,34.35344827586207,23.36417816813049,0.3325541317462921,low_morgan_lt_0.25,0.25
RDKit2D,1856,50,0.25,1587,1150,335,0.1804956896551724,17.101293103448274,24.464398235664778,0.3271845281124115,low_morgan_lt_0.25,0.25
NYAN,1856,50,0.25,1580,1140,351,0.18911637931034483,17.025862068965516,24.001898734177214,0.3209356963634491,low_morgan_lt_0.25,0.25
Morgan,1856,50,0.25,1410,898,337,0.18157327586206898,15.193965517241379,23.353900709219857,0.3334035873413086,low_morgan_lt_0.25,0.25
AtomPair,1856,50,0.25,1588,1112,342,0.18426724137931033,17.11206896551724,24.632241813602015,0.3247903883457184,low_morgan_lt_0.25,0.25
Avalon,1856,50,0.25,1471,975,342,0.18426724137931033,15.851293103448276,23.889191026512577,0.3276820480823517,low_morgan_lt_0.25,0.25
Random,1856,50,0.25,685,680,273,0.1470905172413793,7.381465517241379,25.944525547445256,0.3210352957248688,low_morgan_lt_0.25,0.25
CGP-Align,1856,100,0.25,5675,3993,425,0.22898706896551724,30.576508620689655,45.711718061674006,0.3273986577987671,low_morgan_lt_0.25,0.25
RDKit2D,1856,100,0.25,2889,1954,401,0.21605603448275862,15.565732758620689,47.81481481481482,0.321254700422287,low_morgan_lt_0.25,0.25
NYAN,1856,100,0.25,2899,1978,411,0.22144396551724138,15.619612068965518,47.38392549154881,0.3162253499031067,low_morgan_lt_0.25,0.25
Morgan,1856,100,0.25,2451,1513,394,0.2122844827586207,13.205818965517242,44.90167278661771,0.3265226483345032,low_morgan_lt_0.25,0.25
AtomPair,1856,100,0.25,3034,2042,412,0.22198275862068967,16.34698275862069,48.59986816084377,0.3209424912929535,low_morgan_lt_0.25,0.25
Avalon,1856,100,0.25,2824,1890,388,0.20905172413793102,15.21551724137931,48.41890934844193,0.3221783936023712,low_morgan_lt_0.25,0.25
Random,1856,100,0.25,1374,1335,348,0.1875,7.4030172413793105,50.62590975254731,0.31544284522533417,low_morgan_lt_0.25,0.25
CGP-Align,1856,10,0.3,565,430,218,0.11745689655172414,30.441810344827587,5.238938053097345,0.3846459984779358,low_morgan_lt_0.25,0.25
RDKit2D,1856,10,0.3,245,198,145,0.078125,13.20043103448276,5.236734693877551,0.402028352022171,low_morgan_lt_0.25,0.25
NYAN,1856,10,0.3,236,185,137,0.0738146551724138,12.71551724137931,5.406779661016949,0.3949296325445175,low_morgan_lt_0.25,0.25
Morgan,1856,10,0.3,240,161,145,0.078125,12.931034482758621,5.375,0.3985927104949951,low_morgan_lt_0.25,0.25
AtomPair,1856,10,0.3,217,166,142,0.07650862068965517,11.691810344827587,5.152073732718894,0.37753453850746155,low_morgan_lt_0.25,0.25
Avalon,1856,10,0.3,232,165,142,0.07650862068965517,12.5,5.331896551724138,0.3866743743419647,low_morgan_lt_0.25,0.25
Random,1856,10,0.3,77,77,66,0.03556034482758621,4.148706896551724,4.974025974025974,0.3545618951320648,low_morgan_lt_0.25,0.25
CGP-Align,1856,50,0.3,2101,1542,294,0.1584051724137931,22.64008620689655,23.225130890052355,0.37495625019073486,low_morgan_lt_0.25,0.25
RDKit2D,1856,50,0.3,1015,730,263,0.14170258620689655,10.9375,24.258128078817734,0.37608441710472107,low_morgan_lt_0.25,0.25
NYAN,1856,50,0.3,938,682,262,0.1411637931034483,10.107758620689655,23.502132196162048,0.3738489896059036,low_morgan_lt_0.25,0.25
Morgan,1856,50,0.3,931,577,267,0.14385775862068967,10.032327586206897,22.77013963480129,0.3877466022968292,low_morgan_lt_0.25,0.25
AtomPair,1856,50,0.3,998,690,267,0.14385775862068967,10.754310344827585,24.517034068136272,0.36864297091960907,low_morgan_lt_0.25,0.25
Avalon,1856,50,0.3,936,615,263,0.14170258620689655,10.086206896551724,23.30128205128205,0.3765125870704651,low_morgan_lt_0.25,0.25
Random,1856,50,0.3,418,416,197,0.10614224137931035,4.504310344827585,25.492822966507177,0.3599666953086853,low_morgan_lt_0.25,0.25
CGP-Align,1856,100,0.3,3629,2551,320,0.1724137931034483,19.552801724137932,44.7296775971342,0.3714843690395355,low_morgan_lt_0.25,0.25
RDKit2D,1856,100,0.3,1771,1183,304,0.16379310344827586,9.542025862068966,46.20722755505364,0.3691421151161194,low_morgan_lt_0.25,0.25
NYAN,1856,100,0.3,1702,1164,313,0.16864224137931033,9.170258620689655,46.86486486486486,0.3686288595199585,low_morgan_lt_0.25,0.25
Morgan,1856,100,0.3,1557,946,293,0.15786637931034483,8.389008620689657,43.35966602440591,0.377484530210495,low_morgan_lt_0.25,0.25
AtomPair,1856,100,0.3,1851,1236,311,0.16756465517241378,9.973060344827585,47.56942193408968,0.3644881546497345,low_morgan_lt_0.25,0.25
Avalon,1856,100,0.3,1747,1166,306,0.1648706896551724,9.412715517241379,47.214653692043505,0.3705939054489136,low_morgan_lt_0.25,0.25
Random,1856,100,0.3,802,783,245,0.1320043103448276,4.321120689655173,48.9788029925187,0.36002369225025177,low_morgan_lt_0.25,0.25
CGP-Align,1856,10,0.4,251,182,116,0.0625,13.523706896551724,4.916334661354582,0.4795624017715454,low_morgan_lt_0.25,0.25
RDKit2D,1856,10,0.4,123,95,83,0.0447198275862069,6.627155172413794,4.951219512195122,0.46970465779304504,low_morgan_lt_0.25,0.25
NYAN,1856,10,0.4,108,84,79,0.04256465517241379,5.81896551724138,5.2407407407407405,0.4524349272251129,low_morgan_lt_0.25,0.25
Morgan,1856,10,0.4,119,80,88,0.04741379310344827,6.411637931034482,5.361344537815126,0.46961337327957153,low_morgan_lt_0.25,0.25
AtomPair,1856,10,0.4,87,68,69,0.037176724137931036,4.6875,5.195402298850575,0.47352683544158936,low_morgan_lt_0.25,0.25
Avalon,1856,10,0.4,101,73,72,0.03879310344827586,5.441810344827585,5.455445544554456,0.4827826917171478,low_morgan_lt_0.25,0.25
Random,1856,10,0.4,22,22,21,0.011314655172413793,1.1853448275862069,4.681818181818182,0.4482637941837311,low_morgan_lt_0.25,0.25
CGP-Align,1856,50,0.4,843,599,193,0.10398706896551724,9.08405172413793,22.062870699881376,0.4606305956840515,low_morgan_lt_0.25,0.25
RDKit2D,1856,50,0.4,415,295,166,0.0894396551724138,4.4719827586206895,22.689156626506023,0.4730927348136902,low_morgan_lt_0.25,0.25
NYAN,1856,50,0.4,378,272,159,0.08566810344827586,4.073275862068965,21.8015873015873,0.45815959572792053,low_morgan_lt_0.25,0.25
Morgan,1856,50,0.4,419,251,171,0.09213362068965517,4.515086206896552,21.085918854415276,0.4750676155090332,low_morgan_lt_0.25,0.25
AtomPair,1856,50,0.4,357,242,153,0.0824353448275862,3.84698275862069,22.92156862745098,0.45718875527381897,low_morgan_lt_0.25,0.25
Avalon,1856,50,0.4,356,228,153,0.0824353448275862,3.836206896551724,21.59269662921348,0.4655367285013199,low_morgan_lt_0.25,0.25
Random,1856,50,0.4,125,125,87,0.046875,1.3469827586206897,24.944,0.4556770622730255,low_morgan_lt_0.25,0.25
CGP-Align,1856,100,0.4,1360,935,217,0.11691810344827586,7.327586206896552,41.86911764705882,0.4581836313009262,low_morgan_lt_0.25,0.25
RDKit2D,1856,100,0.4,665,431,195,0.1050646551724138,3.5829741379310343,42.430075187969926,0.4696570932865143,low_morgan_lt_0.25,0.25
NYAN,1856,100,0.4,641,425,197,0.10614224137931035,3.4536637931034484,43.798751950078,0.4619124233722687,low_morgan_lt_0.25,0.25
Morgan,1856,100,0.4,633,372,193,0.10398706896551724,3.4105603448275863,38.88783570300158,0.4731011390686035,low_morgan_lt_0.25,0.25
AtomPair,1856,100,0.4,632,420,192,0.10344827586206896,3.4051724137931036,45.700949367088604,0.4567645639181137,low_morgan_lt_0.25,0.25
Avalon,1856,100,0.4,639,415,198,0.10668103448275862,3.442887931034483,44.677621283255085,0.4545207917690277,low_morgan_lt_0.25,0.25
Random,1856,100,0.4,243,237,116,0.0625,1.3092672413793105,48.60082304526749,0.45362526178359985,low_morgan_lt_0.25,0.25
CGP-Align,1856,10,0.25,874,673,275,0.14816810344827586,47.09051724137931,5.169336384439359,0.3458583652973175,low_morgan_lt_0.30,0.3
RDKit2D,1856,10,0.25,520,380,223,0.12015086206896551,28.017241379310345,5.107692307692307,0.36977629363536835,low_morgan_lt_0.30,0.3
NYAN,1856,10,0.25,456,343,216,0.11637931034482758,24.56896551724138,5.418859649122807,0.3411141335964203,low_morgan_lt_0.30,0.3
Morgan,1856,10,0.25,517,339,228,0.12284482758620689,27.85560344827586,5.009671179883946,0.3737472891807556,low_morgan_lt_0.30,0.3
AtomPair,1856,10,0.25,409,303,211,0.1136853448275862,22.036637931034484,5.190709046454768,0.34026697278022766,low_morgan_lt_0.30,0.3
Avalon,1856,10,0.25,435,293,203,0.109375,23.4375,5.287356321839081,0.3523308336734772,low_morgan_lt_0.30,0.3
Random,1856,10,0.25,154,153,121,0.06519396551724138,8.297413793103448,5.4480519480519485,0.326863095164299,low_morgan_lt_0.30,0.3
CGP-Align,1856,50,0.25,3315,2442,378,0.2036637931034483,35.72198275862068,22.951432880844646,0.3354867398738861,low_morgan_lt_0.30,0.3
RDKit2D,1856,50,0.25,1849,1274,354,0.19073275862068967,19.924568965517242,23.00703082747431,0.3356512486934662,low_morgan_lt_0.30,0.3
NYAN,1856,50,0.25,1726,1231,361,0.1945043103448276,18.599137931034484,23.484356894553883,0.32640109956264496,low_morgan_lt_0.30,0.3
Morgan,1856,50,0.25,1683,1050,359,0.19342672413793102,18.135775862068964,21.548425430778373,0.34680595993995667,low_morgan_lt_0.30,0.3
AtomPair,1856,50,0.25,1774,1206,356,0.19181034482758622,19.11637931034483,24.31285231116122,0.32959671318531036,low_morgan_lt_0.30,0.3
Avalon,1856,50,0.25,1652,1071,346,0.18642241379310345,17.801724137931036,22.915254237288135,0.33649541437625885,low_morgan_lt_0.30,0.3
Random,1856,50,0.25,704,698,269,0.14493534482758622,7.586206896551724,25.322443181818183,0.30996567010879517,low_morgan_lt_0.30,0.3
CGP-Align,1856,100,0.25,5894,4147,429,0.23114224137931033,31.75646551724138,45.509840515778755,0.3297317326068878,low_morgan_lt_0.30,0.3
RDKit2D,1856,100,0.25,3173,2101,413,0.22252155172413793,17.095905172413794,45.12165143397416,0.3267850875854492,low_morgan_lt_0.30,0.3
NYAN,1856,100,0.25,3112,2104,422,0.2273706896551724,16.767241379310345,46.47043701799486,0.32116174697875977,low_morgan_lt_0.30,0.3
Morgan,1856,100,0.25,2781,1686,412,0.22198275862068967,14.983836206896552,42.25782092772384,0.33401593565940857,low_morgan_lt_0.30,0.3
AtomPair,1856,100,0.25,3261,2164,424,0.22844827586206898,17.570043103448274,47.43636921189819,0.32478585839271545,low_morgan_lt_0.30,0.3
Avalon,1856,100,0.25,3058,2012,398,0.21443965517241378,16.476293103448278,46.7619359058208,0.32839061319828033,low_morgan_lt_0.30,0.3
Random,1856,100,0.25,1425,1388,357,0.19234913793103448,7.677801724137931,50.99508771929825,0.3094954490661621,low_morgan_lt_0.30,0.3
CGP-Align,1856,10,0.3,610,457,230,0.12392241379310345,32.866379310344826,5.073770491803279,0.3959401398897171,low_morgan_lt_0.30,0.3
RDKit2D,1856,10,0.3,376,270,185,0.09967672413793104,20.25862068965517,4.962765957446808,0.4123765826225281,low_morgan_lt_0.30,0.3
NYAN,1856,10,0.3,299,226,151,0.08135775862068965,16.10991379310345,5.411371237458194,0.40587955713272095,low_morgan_lt_0.30,0.3
Morgan,1856,10,0.3,389,250,186,0.10021551724137931,20.95905172413793,4.861182519280206,0.41588687896728516,low_morgan_lt_0.30,0.3
AtomPair,1856,10,0.3,273,196,161,0.08674568965517242,14.70905172413793,4.882783882783883,0.38936808705329895,low_morgan_lt_0.30,0.3
Avalon,1856,10,0.3,311,209,159,0.08566810344827586,16.75646551724138,5.295819935691318,0.3943915069103241,low_morgan_lt_0.30,0.3
Random,1856,10,0.3,93,93,74,0.03987068965517242,5.010775862068965,5.451612903225806,0.3765481412410736,low_morgan_lt_0.30,0.3
CGP-Align,1856,50,0.3,2223,1631,297,0.16002155172413793,23.954741379310345,22.687359424201528,0.3781450092792511,low_morgan_lt_0.30,0.3
RDKit2D,1856,50,0.3,1242,846,280,0.15086206896551724,13.383620689655173,22.3317230273752,0.38570839166641235,low_morgan_lt_0.30,0.3
NYAN,1856,50,0.3,1067,766,272,0.14655172413793102,11.497844827586206,22.921274601686974,0.38119223713874817,low_morgan_lt_0.30,0.3
Morgan,1856,50,0.3,1166,709,288,0.15517241379310345,12.564655172413792,20.57032590051458,0.39652299880981445,low_morgan_lt_0.30,0.3
AtomPair,1856,50,0.3,1152,770,278,0.1497844827586207,12.413793103448276,24.03732638888889,0.3736353814601898,low_morgan_lt_0.30,0.3
Avalon,1856,50,0.3,1100,698,263,0.14170258620689655,11.853448275862068,22.112727272727273,0.3848733752965927,low_morgan_lt_0.30,0.3
Random,1856,50,0.3,399,396,187,0.10075431034482758,4.299568965517241,24.43107769423559,0.3593519628047943,low_morgan_lt_0.30,0.3
CGP-Align,1856,100,0.3,3826,2682,322,0.17349137931034483,20.614224137931036,44.316779926816515,0.3738596737384796,low_morgan_lt_0.30,0.3
RDKit2D,1856,100,0.3,2024,1317,312,0.16810344827586207,10.905172413793103,42.905138339920946,0.3739587068557739,low_morgan_lt_0.30,0.3
NYAN,1856,100,0.3,1881,1276,320,0.1724137931034483,10.13469827586207,45.56193514088251,0.3723238706588745,low_morgan_lt_0.30,0.3
Morgan,1856,100,0.3,1839,1092,308,0.16594827586206898,9.908405172413794,40.07775965198478,0.384405255317688,low_morgan_lt_0.30,0.3
AtomPair,1856,100,0.3,2051,1340,320,0.1724137931034483,11.050646551724137,46.195514383227696,0.3689657747745514,low_morgan_lt_0.30,0.3
Avalon,1856,100,0.3,1957,1278,309,0.16648706896551724,10.544181034482758,45.123147675012774,0.37546131014823914,low_morgan_lt_0.30,0.3
Random,1856,100,0.3,795,780,245,0.1320043103448276,4.283405172413793,50.557232704402516,0.3641323447227478,low_morgan_lt_0.30,0.3
CGP-Align,1856,10,0.4,292,207,136,0.07327586206896551,15.732758620689655,4.780821917808219,0.4814002215862274,low_morgan_lt_0.30,0.3
RDKit2D,1856,10,0.4,202,141,121,0.06519396551724138,10.88362068965517,4.98019801980198,0.47331398725509644,low_morgan_lt_0.30,0.3
NYAN,1856,10,0.4,152,114,97,0.052262931034482756,8.189655172413794,5.25,0.4614695757627487,low_morgan_lt_0.30,0.3
Morgan,1856,10,0.4,215,138,127,0.06842672413793104,11.584051724137932,4.851162790697674,0.4731011390686035,low_morgan_lt_0.30,0.3
AtomPair,1856,10,0.4,126,85,91,0.0490301724137931,6.788793103448276,4.563492063492063,0.4739973545074463,low_morgan_lt_0.30,0.3
Avalon,1856,10,0.4,149,99,88,0.04741379310344827,8.028017241379311,5.295302013422819,0.48027750849723816,low_morgan_lt_0.30,0.3
Random,1856,10,0.4,35,35,32,0.017241379310344827,1.8857758620689655,5.0285714285714285,0.44829410314559937,low_morgan_lt_0.30,0.3
CGP-Align,1856,50,0.4,916,652,199,0.10721982758620689,9.870689655172413,21.04585152838428,0.46281175315380096,low_morgan_lt_0.30,0.3
RDKit2D,1856,50,0.4,552,367,191,0.10290948275862069,5.948275862068965,20.13768115942029,0.4714231938123703,low_morgan_lt_0.30,0.3
NYAN,1856,50,0.4,458,325,173,0.09321120689655173,4.935344827586206,21.0,0.46281175315380096,low_morgan_lt_0.30,0.3
Morgan,1856,50,0.4,567,335,196,0.10560344827586207,6.109913793103448,19.22222222222222,0.47475335001945496,low_morgan_lt_0.30,0.3
AtomPair,1856,50,0.4,449,294,168,0.09051724137931035,4.838362068965517,21.681514476614698,0.46222811937332153,low_morgan_lt_0.30,0.3
Avalon,1856,50,0.4,466,285,161,0.08674568965517242,5.021551724137931,19.90557939914163,0.46901431679725647,low_morgan_lt_0.30,0.3
Random,1856,50,0.4,123,123,71,0.03825431034482758,1.3254310344827587,24.235772357723576,0.4512692391872406,low_morgan_lt_0.30,0.3
CGP-Align,1856,100,0.4,1480,1010,225,0.12122844827586207,7.974137931034483,41.33581081081081,0.461052730679512,low_morgan_lt_0.30,0.3
RDKit2D,1856,100,0.4,816,512,211,0.1136853448275862,4.3965517241379315,37.752450980392155,0.47067520022392273,low_morgan_lt_0.30,0.3
NYAN,1856,100,0.4,739,486,210,0.11314655172413793,3.9816810344827585,41.4573748308525,0.4633953869342804,low_morgan_lt_0.30,0.3
Morgan,1856,100,0.4,805,460,213,0.11476293103448276,4.337284482758621,35.391304347826086,0.47352683544158936,low_morgan_lt_0.30,0.3
AtomPair,1856,100,0.4,760,485,208,0.11206896551724138,4.094827586206897,43.46578947368421,0.46093860268592834,low_morgan_lt_0.30,0.3
Avalon,1856,100,0.4,766,484,210,0.11314655172413793,4.127155172413793,40.91253263707572,0.4585017114877701,low_morgan_lt_0.30,0.3
Random,1856,100,0.4,263,259,121,0.06519396551724138,1.4170258620689655,52.00380228136882,0.44829410314559937,low_morgan_lt_0.30,0.3
