source,destination,source_sha256,copied_sha256
cgp_align/__init__.py,cgp_align/__init__.py,71ef989e54a0957fc7be81fae634f0d6079bead4f0a9b8b019778ecdad4218d6,71ef989e54a0957fc7be81fae634f0d6079bead4f0a9b8b019778ecdad4218d6
cgp_align/reliability.py,cgp_align/reliability.py,65df92dc161cc37d2d17c807b56e6dd6c7b198355a152fb75435da65b54b7145,65df92dc161cc37d2d17c807b56e6dd6c7b198355a152fb75435da65b54b7145
scripts/benchmark_toxric_molecular_representations.py,scripts/benchmark_toxric_molecular_representations.py,dca39c7b76534c8d76a8afc898a4e189fe4ab49612a5bc7194e1f4b769bdf2ed,dca39c7b76534c8d76a8afc898a4e189fe4ab49612a5bc7194e1f4b769bdf2ed
scripts/build_compound_profile_fair_benchmark.py,scripts/build_compound_profile_fair_benchmark.py,d19240920be1a96bd356299cd973ef2cff28ccef327350f9611260b1418d4ffc,d19240920be1a96bd356299cd973ef2cff28ccef327350f9611260b1418d4ffc
scripts/build_gene_mocop_corrected_profile_dataset.py,scripts/build_gene_mocop_corrected_profile_dataset.py,a808d81aaaa56b1689790055117ab8b97417bfabbac9fd4d45c0f1cfab216053,a808d81aaaa56b1689790055117ab8b97417bfabbac9fd4d45c0f1cfab216053
scripts/build_gene_mocop_replicate_dataset.py,scripts/build_gene_mocop_replicate_dataset.py,0b056e8a83146ede1a0d72ce62f29be13a4876d160136826f4f29e4e5d5b70f3,0b056e8a83146ede1a0d72ce62f29be13a4876d160136826f4f29e4e5d5b70f3
scripts/cgp_common.py,scripts/cgp_common.py,9b444f769b5073eb008a168f3ddf8c8f950cd51d4c8a885479ff31848d39895c,9b444f769b5073eb008a168f3ddf8c8f950cd51d4c8a885479ff31848d39895c
scripts/cgp_gnn.py,scripts/cgp_gnn.py,ca24a444e7d02fc496fdfaf1b71b3925ae7ade1feac205b166d7f5abe53017ee,f51baf1657c699b02417297ec287f17ca72fa3f47f5b7b664fbc816d87d0496f
scripts/eval_cgp_align_crossmodal_bridge.py,scripts/eval_cgp_align_crossmodal_bridge.py,5630f98cea7addd0f2524d90c72f5ecab93e7d4ffe5aec3c9853c52932a5f00c,5630f98cea7addd0f2524d90c72f5ecab93e7d4ffe5aec3c9853c52932a5f00c
scripts/eval_cgp_align_target_enrichment_by_gene_modality.py,scripts/eval_cgp_align_target_enrichment_by_gene_modality.py,d4934fcfd111927221ee479a79d07306b331390547f83b2af7e8a25a69d7d180,d4934fcfd111927221ee479a79d07306b331390547f83b2af7e8a25a69d7d180
scripts/eval_cgp_align_target_enrichment_replicate.py,scripts/eval_cgp_align_target_enrichment_replicate.py,97a8364a61ff942ec75d10c8a8eb6fd81fd0b1413b6bfbcf791d6d71ac0e92ef,97a8364a61ff942ec75d10c8a8eb6fd81fd0b1413b6bfbcf791d6d71ac0e92ef
scripts/eval_raw3180_branch_retrieval_from_checkpoints.py,scripts/eval_raw3180_branch_retrieval_from_checkpoints.py,2d5756338a4500599587b8ffd2148abfed806b177f324d1945e19a437549f38d,ed120fb483c8cc3e5484599f157d7bdcd3a57f64e9e2690fb22ace85e9cf87d5
scripts/eval_raw3180_gene_union_latent_link_classifier.py,scripts/eval_raw3180_gene_union_latent_link_classifier.py,7ee94446546daaefa40085fc96d6346f6a135294cf1dc3824902dd76a9f04663,7ee94446546daaefa40085fc96d6346f6a135294cf1dc3824902dd76a9f04663
scripts/eval_sr5_scaffold_split_representations.py,scripts/eval_sr5_scaffold_split_representations.py,46bcbc1d8ab4fd0e6ab9ad5927fdd5c5d6682db03426be9a38d81db213a470a5,46bcbc1d8ab4fd0e6ab9ad5927fdd5c5d6682db03426be9a38d81db213a470a5
scripts/evaluate_prism_continuous_metrics.py,scripts/evaluate_prism_continuous_metrics.py,606e42e01b630d357371aeb4d71cda0062dc978c90e9b273d9c9642da018908d,606e42e01b630d357371aeb4d71cda0062dc978c90e9b273d9c9642da018908d
scripts/evaluate_prism_high_confidence_hits.py,scripts/evaluate_prism_high_confidence_hits.py,aa537d17197a4df21dc49ef81eb5e398daf4162f07b93f6fbf75b4b7a6e5ec39,aa537d17197a4df21dc49ef81eb5e398daf4162f07b93f6fbf75b4b7a6e5ec39
scripts/evaluate_prism_u2os_single_cell.py,scripts/evaluate_prism_u2os_single_cell.py,df791b80c8cb8acdc62f8f5db103f40aea395ae3dd479868eecca448b2e85a24,df791b80c8cb8acdc62f8f5db103f40aea395ae3dd479868eecca448b2e85a24
scripts/export_raw3180_hidden_phenotype_inputs.py,scripts/export_raw3180_hidden_phenotype_inputs.py,392f5a7d0bf7d53fad188f785e11fcf64ba6b659c482062f619de58f55046e27,004d88713e91541249197575b7eeccac47a137ef61e4a0fc1c44be6811a7fe5f
scripts/make_raw3180_seeded_split_dirs.py,scripts/make_raw3180_seeded_split_dirs.py,bc67e705f5e7b4fe8b816eefcd3fa33894cad2385a5caf58c5620b541016efe9,bc67e705f5e7b4fe8b816eefcd3fa33894cad2385a5caf58c5620b541016efe9
scripts/precompute_protein_encoder_ablation_embeddings.py,scripts/precompute_protein_encoder_ablation_embeddings.py,523e6751eff89384e84c0cf46565d6bb66901d64fc0cd740cf8b9b4cd5188273,523e6751eff89384e84c0cf46565d6bb66901d64fc0cd740cf8b9b4cd5188273
scripts/prepare_cpg0016_raw_common3180_inputs.py,scripts/prepare_cpg0016_raw_common3180_inputs.py,b220affd3b4a60735ea072e66a0c410e92cc26c3cbe57577e6068168b7e2bee9,b220affd3b4a60735ea072e66a0c410e92cc26c3cbe57577e6068168b7e2bee9
scripts/prism_nyan_utils.py,scripts/prism_nyan_utils.py,c7830de48d2f148237d573c3c2df5ce84f3c5cf8c0281d5bc99db6240788a9ac,c7830de48d2f148237d573c3c2df5ce84f3c5cf8c0281d5bc99db6240788a9ac
scripts/run_cgp_expert_alert_prioritization.py,scripts/run_cgp_expert_alert_prioritization.py,2378110b52cec86eda45c400a6abc2da00d493eadab5356ecd9764d24f6476f1,2378110b52cec86eda45c400a6abc2da00d493eadab5356ecd9764d24f6476f1
scripts/run_cgp_expert_alert_prioritization_extratrees_repeats.py,scripts/run_cgp_expert_alert_prioritization_extratrees_repeats.py,b070472a19ed53a58694662455bf0c19c8fc82f91ae0ebaad4e08c617f504235,b070472a19ed53a58694662455bf0c19c8fc82f91ae0ebaad4e08c617f504235
scripts/run_cgp_structural_alert_mining_pilot.py,scripts/run_cgp_structural_alert_mining_pilot.py,47f2899856442d99addfa79c4c2db603e5198ac705743c88e396673a484f20b1,47f2899856442d99addfa79c4c2db603e5198ac705743c88e396673a484f20b1
scripts/run_hidden_phenotype_neighbour_recovery.py,scripts/run_hidden_phenotype_neighbour_recovery.py,de84843ad5bf6ef912758653abedba29073c0346688776179c81dc03d3dc526e,de84843ad5bf6ef912758653abedba29073c0346688776179c81dc03d3dc526e
scripts/run_prism_gene_mechanism_interpretation.py,scripts/run_prism_gene_mechanism_interpretation.py,06ade1b24aae192b75c384cef8cdeb9b7d1193a560ded591407a7467897f0c62,b24435e389c8fc89aeb193a78e8efd1a9ad800d7f4143ef868084f4268d552c2
scripts/train_cgp_align_replicate.py,scripts/train_cgp_align_replicate.py,6c5b6feb620019d0b3a603aad968f515e0b46331936f8a06235e89e6e1841d9b,6c5b6feb620019d0b3a603aad968f515e0b46331936f8a06235e89e6e1841d9b
scripts/train_compound_mocop_replicate.py,scripts/train_compound_mocop_replicate.py,04756c7fd591cfc8e5cd8c53b79569a9d39dd6e913c34ca21f3dd7ae267c90ce,04756c7fd591cfc8e5cd8c53b79569a9d39dd6e913c34ca21f3dd7ae267c90ce
scripts/train_gene_mocop.py,scripts/train_gene_mocop.py,7617999f35edf5ca20fd2421b8b57b78a47ae0feff260d83819c6074d75b750b,7617999f35edf5ca20fd2421b8b57b78a47ae0feff260d83819c6074d75b750b
output/cgp_align/paper/manuscript_cgp_align_profile/bib_submission_build_v3/zenodo_results_reproducibility_package_20260831/source_data/figure1a_resource_composition.csv,paper_snapshot/source_data/figure1a_resource_composition.csv,1da60513167113db7447e78a368d89522f124ddbac380f2062cb654798e5b0c9,1da60513167113db7447e78a368d89522f124ddbac380f2062cb654798e5b0c9
output/cgp_align/paper/manuscript_cgp_align_profile/bib_submission_build_v3/zenodo_results_reproducibility_package_20260831/source_data/figure1b_preprocessing_label_firewall.csv,paper_snapshot/source_data/figure1b_preprocessing_label_firewall.csv,1dc3a4320559730a1a2aa54df5d7e17a3d2165bcaa8ca3912c2c1d4a124e06f5,1dc3a4320559730a1a2aa54df5d7e17a3d2165bcaa8ca3912c2c1d4a124e06f5
output/cgp_align/paper/manuscript_cgp_align_profile/bib_submission_build_v3/zenodo_results_reproducibility_package_20260831/source_data/figure1c_architecture_nodes.csv,paper_snapshot/source_data/figure1c_architecture_nodes.csv,332a376db69867b369e6f11760a4d1bcf89b6d4aba0c44b40127bfcb4eb6b03f,332a376db69867b369e6f11760a4d1bcf89b6d4aba0c44b40127bfcb4eb6b03f
output/cgp_align/paper/manuscript_cgp_align_profile/bib_submission_build_v3/zenodo_results_reproducibility_package_20260831/source_data/figure1c_contrastive_matrix_schematic.csv,paper_snapshot/source_data/figure1c_contrastive_matrix_schematic.csv,206f057f5387c3a5bf67cee2a865dd9a74839a3ca2b4a24bbf966199f31eb775,206f057f5387c3a5bf67cee2a865dd9a74839a3ca2b4a24bbf966199f31eb775
output/cgp_align/paper/manuscript_cgp_align_profile/bib_submission_build_v3/zenodo_results_reproducibility_package_20260831/source_data/figure1d_evidence_ladder.csv,paper_snapshot/source_data/figure1d_evidence_ladder.csv,c0dbac0ddd94dfba2cf003e1133512c7a68d163ed4878fbc1f5ba1e732d36c1f,c0dbac0ddd94dfba2cf003e1133512c7a68d163ed4878fbc1f5ba1e732d36c1f
output/cgp_align/paper/manuscript_cgp_align_profile/bib_submission_build_v3/zenodo_results_reproducibility_package_20260831/source_data/figure2_architecture_source.csv,paper_snapshot/source_data/figure2_architecture_source.csv,980535ec482f78072c052fa04a884211c275fc1e22da673580ff9e776f2b5a8d,980535ec482f78072c052fa04a884211c275fc1e22da673580ff9e776f2b5a8d
output/cgp_align/paper/manuscript_cgp_align_profile/bib_submission_build_v3/zenodo_results_reproducibility_package_20260831/source_data/figure3a_b_pca_diagnostics.csv,paper_snapshot/source_data/figure3a_b_pca_diagnostics.csv,d32200e356dbf835e9a419d2c89784280aebcb41c5d3f4616c99955a0b8d124e,d32200e356dbf835e9a419d2c89784280aebcb41c5d3f4616c99955a0b8d124e
output/cgp_align/paper/manuscript_cgp_align_profile/bib_submission_build_v3/zenodo_results_reproducibility_package_20260831/source_data/figure3a_b_pca_metadata.json,paper_snapshot/source_data/figure3a_b_pca_metadata.json,a2c62f114e36e0f24355b48d5d8c9f535604635004ecd29ea7d7e965c4ec09f8,a2c62f114e36e0f24355b48d5d8c9f535604635004ecd29ea7d7e965c4ec09f8
output/cgp_align/paper/manuscript_cgp_align_profile/bib_submission_build_v3/zenodo_results_reproducibility_package_20260831/source_data/figure3a_b_pca_source_data.csv,paper_snapshot/source_data/figure3a_b_pca_source_data.csv,ff2eeee9fac5e18e9ac3df1e999f10c0af3dc8bcd5fd5733af449d9f1eec3eb8,ff2eeee9fac5e18e9ac3df1e999f10c0af3dc8bcd5fd5733af449d9f1eec3eb8
output/cgp_align/paper/manuscript_cgp_align_profile/bib_submission_build_v3/zenodo_results_reproducibility_package_20260831/source_data/figure3c_random_ranking_top10.csv,paper_snapshot/source_data/figure3c_random_ranking_top10.csv,f01cfc3d28c1ca9840ba625abb8538832b7dfba1d53ddf728e1e4e49ec470637,f01cfc3d28c1ca9840ba625abb8538832b7dfba1d53ddf728e1e4e49ec470637
output/cgp_align/paper/manuscript_cgp_align_profile/bib_submission_build_v3/zenodo_results_reproducibility_package_20260831/source_data/figure3c_sampled_retrieval_run_values.csv,paper_snapshot/source_data/figure3c_sampled_retrieval_run_values.csv,df13e6e1846a16da1283e6ea9fc1723c0ceb74a5f73d52831f21e82c0edb056f,df13e6e1846a16da1283e6ea9fc1723c0ceb74a5f73d52831f21e82c0edb056f
output/cgp_align/paper/manuscript_cgp_align_profile/bib_submission_build_v3/zenodo_results_reproducibility_package_20260831/source_data/figure3e_branch_summary_mean_sd.csv,paper_snapshot/source_data/figure3e_branch_summary_mean_sd.csv,227623698a1cbdeb063f20c870eacef787cda9f2bb6565b83401779965a2a70d,227623698a1cbdeb063f20c870eacef787cda9f2bb6565b83401779965a2a70d
output/cgp_align/paper/manuscript_cgp_align_profile/bib_submission_build_v3/zenodo_results_reproducibility_package_20260831/source_data/figure3f_matched_retrieval_performance.csv,paper_snapshot/source_data/figure3f_matched_retrieval_performance.csv,ee1216e6d2a29ad3043276b2db6e2be2aec89484c2b48c2d10509041bce86b23,ee1216e6d2a29ad3043276b2db6e2be2aec89484c2b48c2d10509041bce86b23
output/cgp_align/paper/manuscript_cgp_align_profile/bib_submission_build_v3/zenodo_results_reproducibility_package_20260831/source_data/figure3g_difficult_retrieval.csv,paper_snapshot/source_data/figure3g_difficult_retrieval.csv,7efeebfd6a524c53ef0d816f0fbc27d01049f1d8582ef5cc7dd747eb5c47a999,7efeebfd6a524c53ef0d816f0fbc27d01049f1d8582ef5cc7dd747eb5c47a999
output/cgp_align/paper/manuscript_cgp_align_profile/bib_submission_build_v3/zenodo_results_reproducibility_package_20260831/source_data/figure3h_paired_run_direction.csv,paper_snapshot/source_data/figure3h_paired_run_direction.csv,7bd0b33f92f494f56914c26b2b457881b3e355483406949f652f2e22076cc58f,7bd0b33f92f494f56914c26b2b457881b3e355483406949f652f2e22076cc58f
output/cgp_align/paper/manuscript_cgp_align_profile/bib_submission_build_v3/zenodo_results_reproducibility_package_20260831/source_data/figure4_relation_transfer_summary_main.csv,paper_snapshot/source_data/figure4_relation_transfer_summary_main.csv,341ecae85c38f9d63fb9c5c9aa9de045e5122404a9ff03f70e32c2bbc80b53c3,341ecae85c38f9d63fb9c5c9aa9de045e5122404a9ff03f70e32c2bbc80b53c3
output/cgp_align/paper/manuscript_cgp_align_profile/bib_submission_build_v3/zenodo_results_reproducibility_package_20260831/source_data/figure4a_relation_source_upset_intersections_main.csv,paper_snapshot/source_data/figure4a_relation_source_upset_intersections_main.csv,96d3c6423a0bd6d527502deac1b0e6bdb3e0cb9e821e61a595006e8d83c8ba51,96d3c6423a0bd6d527502deac1b0e6bdb3e0cb9e821e61a595006e8d83c8ba51
output/cgp_align/paper/manuscript_cgp_align_profile/bib_submission_build_v3/zenodo_results_reproducibility_package_20260831/source_data/figure4a_relation_source_upset_matrix_main.csv,paper_snapshot/source_data/figure4a_relation_source_upset_matrix_main.csv,c857cc7b460afb69cdcf78c5d9d16abf2cb89be19bf8ed1872cf34c8e0797389,c857cc7b460afb69cdcf78c5d9d16abf2cb89be19bf8ed1872cf34c8e0797389
output/cgp_align/paper/manuscript_cgp_align_profile/bib_submission_build_v3/zenodo_results_reproducibility_package_20260831/source_data/figure4a_relation_source_upset_metadata_main.csv,paper_snapshot/source_data/figure4a_relation_source_upset_metadata_main.csv,72662a282bd0c6a0d0da917a26bdeab0b0ee3d9b978fbf03670f2f26c0925fb5,72662a282bd0c6a0d0da917a26bdeab0b0ee3d9b978fbf03670f2f26c0925fb5
output/cgp_align/paper/manuscript_cgp_align_profile/bib_submission_build_v3/zenodo_results_reproducibility_package_20260831/source_data/figure4a_relation_source_upset_set_sizes_main.csv,paper_snapshot/source_data/figure4a_relation_source_upset_set_sizes_main.csv,8189fedb37bfbfad933e5f21b2d8ef63faf3887fb00ef2fe3c5b59d07def2849,8189fedb37bfbfad933e5f21b2d8ef63faf3887fb00ef2fe3c5b59d07def2849
output/cgp_align/paper/manuscript_cgp_align_profile/bib_submission_build_v3/zenodo_results_reproducibility_package_20260831/source_data/figure4b_target_transfer_lift50.csv,paper_snapshot/source_data/figure4b_target_transfer_lift50.csv,29589e4a6b84b00268a5676faf3968ea6fb228f8d7ef5351ad6e6d7ba1747bdc,29589e4a6b84b00268a5676faf3968ea6fb228f8d7ef5351ad6e6d7ba1747bdc
output/cgp_align/paper/manuscript_cgp_align_profile/bib_submission_build_v3/zenodo_results_reproducibility_package_20260831/source_data/figure4b_target_transfer_lift50_main.csv,paper_snapshot/source_data/figure4b_target_transfer_lift50_main.csv,d5ebeb73506710a46386c739e6a5d24e09b19e44d39e3e6c6afbf1fdc167c2d6,d5ebeb73506710a46386c739e6a5d24e09b19e44d39e3e6c6afbf1fdc167c2d6
output/cgp_align/paper/manuscript_cgp_align_profile/bib_submission_build_v3/zenodo_results_reproducibility_package_20260831/source_data/figure4c_target_transfer_leave_one_source_out_classifier_main.csv,paper_snapshot/source_data/figure4c_target_transfer_leave_one_source_out_classifier_main.csv,e0629d782292f2aed048a41811c04d2d3e662a3b7b68664481068ffa05ba04fa,e0629d782292f2aed048a41811c04d2d3e662a3b7b68664481068ffa05ba04fa
output/cgp_align/paper/manuscript_cgp_align_profile/bib_submission_build_v3/zenodo_results_reproducibility_package_20260831/source_data/figure4d_target_transfer_metric_gain_main.csv,paper_snapshot/source_data/figure4d_target_transfer_metric_gain_main.csv,8932984813ffbc27a9b924eb978b6d687eecfb7cbf0126b30bbc85d15606436b,8932984813ffbc27a9b924eb978b6d687eecfb7cbf0126b30bbc85d15606436b
output/cgp_align/paper/manuscript_cgp_align_profile/bib_submission_build_v3/zenodo_results_reproducibility_package_20260831/source_data/figure4e_merged_database_entity_space_pca_coordinates.csv,paper_snapshot/source_data/figure4e_merged_database_entity_space_pca_coordinates.csv,fb164fdb10152bf73b2d58e76aa0bf937af29ad49e10adbcc51916b569a868c3,fb164fdb10152bf73b2d58e76aa0bf937af29ad49e10adbcc51916b569a868c3
output/cgp_align/paper/manuscript_cgp_align_profile/bib_submission_build_v3/zenodo_results_reproducibility_package_20260831/source_data/figure4e_merged_database_entity_space_pca_links.csv,paper_snapshot/source_data/figure4e_merged_database_entity_space_pca_links.csv,99ce1f9c06fc7c676b0b5ada4d4a2e0b371fa7d06e76eec3490dc0ec7665f37c,99ce1f9c06fc7c676b0b5ada4d4a2e0b371fa7d06e76eec3490dc0ec7665f37c
output/cgp_align/paper/manuscript_cgp_align_profile/bib_submission_build_v3/zenodo_results_reproducibility_package_20260831/source_data/figure5a_sr5_representation_mean_metrics.csv,paper_snapshot/source_data/figure5a_sr5_representation_mean_metrics.csv,2c1caef32ac5d7283252c9a5e1ed15a58a13fda94ce2aed213024e1607c2e1c5,2c1caef32ac5d7283252c9a5e1ed15a58a13fda94ce2aed213024e1607c2e1c5
output/cgp_align/paper/manuscript_cgp_align_profile/bib_submission_build_v3/zenodo_results_reproducibility_package_20260831/source_data/figure5b_sr5_endpoint_auprc_heatmap.csv,paper_snapshot/source_data/figure5b_sr5_endpoint_auprc_heatmap.csv,8fdfcb89387517680374f6edcf85d7e67a21730933288dc15f04745e16fa64d7,8fdfcb89387517680374f6edcf85d7e67a21730933288dc15f04745e16fa64d7
output/cgp_align/paper/manuscript_cgp_align_profile/bib_submission_build_v3/zenodo_results_reproducibility_package_20260831/source_data/figure5c_sr5_scaffold_split_endpoint_dots.csv,paper_snapshot/source_data/figure5c_sr5_scaffold_split_endpoint_dots.csv,07aa9735c52085601126650426ef77347fa2bcbf4011dcc31381182c10e18f45,07aa9735c52085601126650426ef77347fa2bcbf4011dcc31381182c10e18f45
output/cgp_align/paper/manuscript_cgp_align_profile/bib_submission_build_v3/zenodo_results_reproducibility_package_20260831/source_data/figure5c_sr5_scaffold_split_mean_metrics.csv,paper_snapshot/source_data/figure5c_sr5_scaffold_split_mean_metrics.csv,a54e6896cccb1bc1fcaba434f6dc93b7beb7313f572d66932d9a52be7ede772e,a54e6896cccb1bc1fcaba434f6dc93b7beb7313f572d66932d9a52be7ede772e
output/cgp_align/paper/manuscript_cgp_align_profile/bib_submission_build_v3/zenodo_results_reproducibility_package_20260831/source_data/figure5d_expert_alert_complementarity_summary.csv,paper_snapshot/source_data/figure5d_expert_alert_complementarity_summary.csv,53a79a783536ce9566574eac8acfba918b4f72a187addc44db4e1a5e459114cd,53a79a783536ce9566574eac8acfba918b4f72a187addc44db4e1a5e459114cd
output/cgp_align/paper/manuscript_cgp_align_profile/bib_submission_build_v3/zenodo_results_reproducibility_package_20260831/source_data/figure5d_sr5_expert_alert_complementarity_by_run.csv,paper_snapshot/source_data/figure5d_sr5_expert_alert_complementarity_by_run.csv,2e6c6441edd12d638ed8eb7898ee0ebaa127086113d52c8a8fb20d39ba7c6d68,2e6c6441edd12d638ed8eb7898ee0ebaa127086113d52c8a8fb20d39ba7c6d68
output/cgp_align/paper/manuscript_cgp_align_profile/bib_submission_build_v3/zenodo_results_reproducibility_package_20260831/source_data/figure6_manifest.json,paper_snapshot/source_data/figure6_manifest.json,7efe9cc62b4bdd9b3275c530bbbbf9e71548a6812577ace73e12cbb8e8eb90c3,7efe9cc62b4bdd9b3275c530bbbbf9e71548a6812577ace73e12cbb8e8eb90c3
output/cgp_align/paper/manuscript_cgp_align_profile/bib_submission_build_v3/zenodo_results_reproducibility_package_20260831/source_data/figure6_panel_b_functional_neighbour_enrichment_source.csv,paper_snapshot/source_data/figure6_panel_b_functional_neighbour_enrichment_source.csv,dce993fc5e744d5356f69dcb33e77f2fd07b0010e0f41375b04bb51fa149ad8a,dce993fc5e744d5356f69dcb33e77f2fd07b0010e0f41375b04bb51fa149ad8a
output/cgp_align/paper/manuscript_cgp_align_profile/bib_submission_build_v3/zenodo_results_reproducibility_package_20260831/source_data/figure6_panel_c_cgp_vs_rdkit2d_source.csv,paper_snapshot/source_data/figure6_panel_c_cgp_vs_rdkit2d_source.csv,e7f72eb83f9326b5e8b0de36b6bf4955cfda4723b84be60fdb0c9589e4400ebf,e7f72eb83f9326b5e8b0de36b6bf4955cfda4723b84be60fdb0c9589e4400ebf
output/cgp_align/paper/manuscript_cgp_align_profile/bib_submission_build_v3/zenodo_results_reproducibility_package_20260831/source_data/figure6_panel_d_pancancer_source.csv,paper_snapshot/source_data/figure6_panel_d_pancancer_source.csv,81e7cce76f6706d7f606b079bb2280e771f9e5dd1d3bbe46bf760017d3d2940a,81e7cce76f6706d7f606b079bb2280e771f9e5dd1d3bbe46bf760017d3d2940a
output/cgp_align/paper/manuscript_cgp_align_profile/bib_submission_build_v3/zenodo_results_reproducibility_package_20260831/source_data/figure6_panel_e_gene_mechanism_summary_source.csv,paper_snapshot/source_data/figure6_panel_e_gene_mechanism_summary_source.csv,e8a430c3971b4c6405a90e6c660070b590b025f6bb317cd9389afb6413f26fc5,e8a430c3971b4c6405a90e6c660070b590b025f6bb317cd9389afb6413f26fc5
output/cgp_align/paper/manuscript_cgp_align_profile/bib_submission_build_v3/zenodo_results_reproducibility_package_20260831/source_data/figure6_panel_e_mechanism_category_summary_source.csv,paper_snapshot/source_data/figure6_panel_e_mechanism_category_summary_source.csv,ba4feba65dac476c62d5552fa7f7773e00381210e6ffd7471ab9d5a9f8ed3055,ba4feba65dac476c62d5552fa7f7773e00381210e6ffd7471ab9d5a9f8ed3055
output/cgp_align/paper/manuscript_cgp_align_profile/bib_submission_build_v3/zenodo_results_reproducibility_package_20260831/source_data/figure6_panel_f_discovery_landscape_source.csv,paper_snapshot/source_data/figure6_panel_f_discovery_landscape_source.csv,95fc31ab81587199b47a8f0d4b001b1fd0857d3fdb839d4008f1e309144838c3,95fc31ab81587199b47a8f0d4b001b1fd0857d3fdb839d4008f1e309144838c3
output/cgp_align/paper/manuscript_cgp_align_profile/bib_submission_build_v3/zenodo_results_reproducibility_package_20260831/source_data/figure6_panel_f_high_confidence_cases_source.csv,paper_snapshot/source_data/figure6_panel_f_high_confidence_cases_source.csv,76cf221e6139351aa4a442325f50146b061156bd15d224db098a232d25945d81,76cf221e6139351aa4a442325f50146b061156bd15d224db098a232d25945d81
output/cgp_align/paper/manuscript_cgp_align_profile/bib_submission_build_v3/zenodo_results_reproducibility_package_20260831/source_data/figure6_panel_f_mechanism_cases_source.csv,paper_snapshot/source_data/figure6_panel_f_mechanism_cases_source.csv,0f341a0da136e2102a69d509bb1d7c937fdb89c9852602fa7990caf70c8f415c,0f341a0da136e2102a69d509bb1d7c937fdb89c9852602fa7990caf70c8f415c
output/cgp_align/paper/manuscript_cgp_align_profile/bib_submission_build_v3/zenodo_results_reproducibility_package_20260831/source_data/figureS1_checkpoint_selection_summary.csv,paper_snapshot/source_data/figureS1_checkpoint_selection_summary.csv,8346953f05f8d154c78ed51e550758505fa571c0163814b215fef1e18224e407,8346953f05f8d154c78ed51e550758505fa571c0163814b215fef1e18224e407
output/cgp_align/paper/manuscript_cgp_align_profile/bib_submission_build_v3/zenodo_results_reproducibility_package_20260831/source_data/figureS1_training_log_public.jsonl,paper_snapshot/source_data/figureS1_training_log_public.jsonl,6040ec956e2f7b9d5ef6e2630d746568b678083280f84f39bb11c0afd538a758,6040ec956e2f7b9d5ef6e2630d746568b678083280f84f39bb11c0afd538a758
output/cgp_align/paper/manuscript_cgp_align_profile/bib_submission_build_v3/zenodo_results_reproducibility_package_20260831/source_data/figureS1_training_log_public_README.md,paper_snapshot/source_data/figureS1_training_log_public_README.md,035caac6b61cc0c18f713b194731e5f7056a873c4e34d4bdcf910881888bbeff,035caac6b61cc0c18f713b194731e5f7056a873c4e34d4bdcf910881888bbeff
output/cgp_align/paper/manuscript_cgp_align_profile/bib_submission_build_v3/zenodo_results_reproducibility_package_20260831/source_data/figureS1_training_scale_family_summary.csv,paper_snapshot/source_data/figureS1_training_scale_family_summary.csv,e7398673d8b988737ac730dd3f52acc7d2933471c9d6f07247ad115eefc30bb1,e7398673d8b988737ac730dd3f52acc7d2933471c9d6f07247ad115eefc30bb1
output/cgp_align/paper/manuscript_cgp_align_profile/bib_submission_build_v3/zenodo_results_reproducibility_package_20260831/source_data/figureS1_training_scale_train_summary.csv,paper_snapshot/source_data/figureS1_training_scale_train_summary.csv,a9392016dab0eaef22173c0a2e32964d9232554b11201610b2f94b3ac007f585,a9392016dab0eaef22173c0a2e32964d9232554b11201610b2f94b3ac007f585
output/cgp_align/paper/manuscript_cgp_align_profile/bib_submission_build_v3/zenodo_results_reproducibility_package_20260831/source_data/figureS1a_training_loss_curve.csv,paper_snapshot/source_data/figureS1a_training_loss_curve.csv,37690d32f100c20abd0209313f99c65bc6c5e479898fd0fff486c29cbbc19b66,37690d32f100c20abd0209313f99c65bc6c5e479898fd0fff486c29cbbc19b66
output/cgp_align/paper/manuscript_cgp_align_profile/bib_submission_build_v3/zenodo_results_reproducibility_package_20260831/source_data/figureS1b_branch_validation_curves.csv,paper_snapshot/source_data/figureS1b_branch_validation_curves.csv,c8684d0727930b57da7e61688add24171b8fd6a9e63cf7fd8e2e6d324ebc9d5d,c8684d0727930b57da7e61688add24171b8fd6a9e63cf7fd8e2e6d324ebc9d5d
output/cgp_align/paper/manuscript_cgp_align_profile/bib_submission_build_v3/zenodo_results_reproducibility_package_20260831/source_data/figureS1b_validation_selection_curve.csv,paper_snapshot/source_data/figureS1b_validation_selection_curve.csv,402a1275038d4470e8a9ee5d7c4884ed07fe66bb2c886843925db8a5ec70dce6,402a1275038d4470e8a9ee5d7c4884ed07fe66bb2c886843925db8a5ec70dce6
output/cgp_align/paper/manuscript_cgp_align_profile/bib_submission_build_v3/zenodo_results_reproducibility_package_20260831/source_data/figureS1c_checkpoint_selection.csv,paper_snapshot/source_data/figureS1c_checkpoint_selection.csv,b0a025f6cd3edc4bf4643adb74f7d0e62ffd94925e019b22f4a49811146c9e26,b0a025f6cd3edc4bf4643adb74f7d0e62ffd94925e019b22f4a49811146c9e26
output/cgp_align/paper/manuscript_cgp_align_profile/bib_submission_build_v3/zenodo_results_reproducibility_package_20260831/source_data/figureS1d_training_scale_ablation.csv,paper_snapshot/source_data/figureS1d_training_scale_ablation.csv,4a6df31352c8e811c327b521ce50a1db12d5387b458bc2cf36bc67887b0a4ecd,4a6df31352c8e811c327b521ce50a1db12d5387b458bc2cf36bc67887b0a4ecd
output/cgp_align/paper/manuscript_cgp_align_profile/bib_submission_build_v3/zenodo_results_reproducibility_package_20260831/source_data/figureS2a_dataset_composition.csv,paper_snapshot/source_data/figureS2a_dataset_composition.csv,77c2f5bbf5606839d3e5eccb3c4556d51df8adbaee78e6a72cc770f74586a47c,77c2f5bbf5606839d3e5eccb3c4556d51df8adbaee78e6a72cc770f74586a47c
output/cgp_align/paper/manuscript_cgp_align_profile/bib_submission_build_v3/zenodo_results_reproducibility_package_20260831/source_data/figureS2b_entity_replicate_distribution.csv,paper_snapshot/source_data/figureS2b_entity_replicate_distribution.csv,3f5f261626be4d47b34baa9d35c0cd1987baebc3e9925a15847e278112723b24,3f5f261626be4d47b34baa9d35c0cd1987baebc3e9925a15847e278112723b24
output/cgp_align/paper/manuscript_cgp_align_profile/bib_submission_build_v3/zenodo_results_reproducibility_package_20260831/source_data/figureS2b_entity_replicate_summary.csv,paper_snapshot/source_data/figureS2b_entity_replicate_summary.csv,5802f78cc2c27891cf6c502e993c8fc3b59cac02eb9b1cfda151c8e36f01c58c,5802f78cc2c27891cf6c502e993c8fc3b59cac02eb9b1cfda151c8e36f01c58c
output/cgp_align/paper/manuscript_cgp_align_profile/bib_submission_build_v3/zenodo_results_reproducibility_package_20260831/source_data/figureS2c_split_composition.csv,paper_snapshot/source_data/figureS2c_split_composition.csv,55d605794b66bdd06ece19c47408e1a53265b137868a15bfa707bbaed675c351,55d605794b66bdd06ece19c47408e1a53265b137868a15bfa707bbaed675c351
output/cgp_align/paper/manuscript_cgp_align_profile/bib_submission_build_v3/zenodo_results_reproducibility_package_20260831/source_data/figureS2c_split_overlap_check.csv,paper_snapshot/source_data/figureS2c_split_overlap_check.csv,c590c9457e7056b6702a0ef9e59d30422cbdb647fd311347eb04b40b9c0945a8,c590c9457e7056b6702a0ef9e59d30422cbdb647fd311347eb04b40b9c0945a8
output/cgp_align/paper/manuscript_cgp_align_profile/bib_submission_build_v3/zenodo_results_reproducibility_package_20260831/source_data/figureS2d_post_correction_r2.csv,paper_snapshot/source_data/figureS2d_post_correction_r2.csv,b398d5346a9590bf13ef168f80c0d17b87f1fa44e71eede84ee13985f4a4d935,b398d5346a9590bf13ef168f80c0d17b87f1fa44e71eede84ee13985f4a4d935
output/cgp_align/paper/manuscript_cgp_align_profile/bib_submission_build_v3/zenodo_results_reproducibility_package_20260831/source_data/figureS2e_normalization_audit.csv,paper_snapshot/source_data/figureS2e_normalization_audit.csv,7a2ec742af9bd43a411f1ef097e0326d07046e76dd086080f62bb95479cee9c7,7a2ec742af9bd43a411f1ef097e0326d07046e76dd086080f62bb95479cee9c7
output/cgp_align/paper/manuscript_cgp_align_profile/bib_submission_build_v3/zenodo_results_reproducibility_package_20260831/source_data/figureS3a_main_ablation_table.csv,paper_snapshot/source_data/figureS3a_main_ablation_table.csv,880da2f28a38515c54890a491ba6246be9d422484b49bf6970d2f43eace62262,880da2f28a38515c54890a491ba6246be9d422484b49bf6970d2f43eace62262
output/cgp_align/paper/manuscript_cgp_align_profile/bib_submission_build_v3/zenodo_results_reproducibility_package_20260831/source_data/figureS3b_key_ablation_run_level_metrics.csv,paper_snapshot/source_data/figureS3b_key_ablation_run_level_metrics.csv,21c99b4ea01c2651441f8e3d5c8ba5909ef5c51139b279a6e715ba92ca5fed61,21c99b4ea01c2651441f8e3d5c8ba5909ef5c51139b279a6e715ba92ca5fed61
output/cgp_align/paper/manuscript_cgp_align_profile/bib_submission_build_v3/zenodo_results_reproducibility_package_20260831/source_data/figureS3c_historical_ablation_context.csv,paper_snapshot/source_data/figureS3c_historical_ablation_context.csv,cf32bfb71f5e38fe268f6860a12fdbab4ebf9abb7ecd1b0353e1ac8179f3c929,cf32bfb71f5e38fe268f6860a12fdbab4ebf9abb7ecd1b0353e1ac8179f3c929
output/cgp_align/paper/manuscript_cgp_align_profile/bib_submission_build_v3/zenodo_results_reproducibility_package_20260831/source_data/figureS4_fig2_matched_branch_summary.csv,paper_snapshot/source_data/figureS4_fig2_matched_branch_summary.csv,25d2afd6f715d271950bd718bfbaa936cdf9306c1b45b7ba494c4a2e169fd91b,25d2afd6f715d271950bd718bfbaa936cdf9306c1b45b7ba494c4a2e169fd91b
output/cgp_align/paper/manuscript_cgp_align_profile/bib_submission_build_v3/zenodo_results_reproducibility_package_20260831/source_data/figureS4_fig2_matched_checkpoint_sources.csv,paper_snapshot/source_data/figureS4_fig2_matched_checkpoint_sources.csv,fbdc324d7f6697b7c339126b55ef1a2a6d4cfbe89cd8c7e9a2e3455a36699d22,fbdc324d7f6697b7c339126b55ef1a2a6d4cfbe89cd8c7e9a2e3455a36699d22
output/cgp_align/paper/manuscript_cgp_align_profile/bib_submission_build_v3/zenodo_results_reproducibility_package_20260831/source_data/figureS4_fig2_matched_full_gallery_metrics.csv,paper_snapshot/source_data/figureS4_fig2_matched_full_gallery_metrics.csv,3ec5ef2da1edf47baa5ad39aaf2f8cf31f0b426b3f303386ebeddf56a7bc90da,3ec5ef2da1edf47baa5ad39aaf2f8cf31f0b426b3f303386ebeddf56a7bc90da
output/cgp_align/paper/manuscript_cgp_align_profile/bib_submission_build_v3/zenodo_results_reproducibility_package_20260831/source_data/figureS4_fig2_matched_sampled_retrieval_metrics.csv,paper_snapshot/source_data/figureS4_fig2_matched_sampled_retrieval_metrics.csv,964c9dd68c9b9cd3a286a0af86795520561e27f1a7f03638c6efed4ca5fd619a,964c9dd68c9b9cd3a286a0af86795520561e27f1a7f03638c6efed4ca5fd619a
output/cgp_align/paper/manuscript_cgp_align_profile/bib_submission_build_v3/zenodo_results_reproducibility_package_20260831/source_data/figureS5_random_ranking_negative_control.csv,paper_snapshot/source_data/figureS5_random_ranking_negative_control.csv,99d4dd0131f9ed137cda8bd8a6c5e77017fe88d3de21042fa62db7b1e9d9c264,99d4dd0131f9ed137cda8bd8a6c5e77017fe88d3de21042fa62db7b1e9d9c264
output/cgp_align/paper/manuscript_cgp_align_profile/bib_submission_build_v3/zenodo_results_reproducibility_package_20260831/source_data/README_source_data_dictionary.md,paper_snapshot/source_data/README_source_data_dictionary.md,dc0727827626f4a23c5efc0b752faa69e2dbb5ec388918f241db6cd884553ec1,dc0727827626f4a23c5efc0b752faa69e2dbb5ec388918f241db6cd884553ec1
output/cgp_align/paper/manuscript_cgp_align_profile/bib_submission_build_v3/zenodo_results_reproducibility_package_20260831/source_data/statistical_tests.csv,paper_snapshot/source_data/statistical_tests.csv,ac932554c5cccf061e4b51ade42eb95ff59554ae2479f0a81adc0aa09f6c7d01,ac932554c5cccf061e4b51ade42eb95ff59554ae2479f0a81adc0aa09f6c7d01
output/cgp_align/paper/manuscript_cgp_align_profile/bib_submission_build_v3/zenodo_results_reproducibility_package_20260831/supplementary_tables/README_supplementary_tables.md,paper_snapshot/supplementary_tables/README_supplementary_tables.md,4339105a234c35614ae28b84c1699e67e62b1012536f0999c71ad8f4648678be,4339105a234c35614ae28b84c1699e67e62b1012536f0999c71ad8f4648678be
output/cgp_align/paper/manuscript_cgp_align_profile/bib_submission_build_v3/zenodo_results_reproducibility_package_20260831/supplementary_tables/supplementary_table1_dataset_and_splits.csv,paper_snapshot/supplementary_tables/supplementary_table1_dataset_and_splits.csv,90aff788376e4e776931c9a9e2a26c242a91d40c9274094667b4f6728b94fed1,90aff788376e4e776931c9a9e2a26c242a91d40c9274094667b4f6728b94fed1
output/cgp_align/paper/manuscript_cgp_align_profile/bib_submission_build_v3/zenodo_results_reproducibility_package_20260831/supplementary_tables/supplementary_table2_training_selection_and_scale.csv,paper_snapshot/supplementary_tables/supplementary_table2_training_selection_and_scale.csv,8d7c23e490baa3a302990f21b3012636b8f88637200119dc22db1758f9f2cc32,8d7c23e490baa3a302990f21b3012636b8f88637200119dc22db1758f9f2cc32
output/cgp_align/paper/manuscript_cgp_align_profile/bib_submission_build_v3/zenodo_results_reproducibility_package_20260831/supplementary_tables/supplementary_table3_intrinsic_retrieval_complete.csv,paper_snapshot/supplementary_tables/supplementary_table3_intrinsic_retrieval_complete.csv,2b9ee4dd88eb64069c3a6b2d86b815fc87039661e738049064bd1f647c7f5f8a,2b9ee4dd88eb64069c3a6b2d86b815fc87039661e738049064bd1f647c7f5f8a
output/cgp_align/paper/manuscript_cgp_align_profile/bib_submission_build_v3/zenodo_results_reproducibility_package_20260831/supplementary_tables/supplementary_table4_external_relation_transfer.csv,paper_snapshot/supplementary_tables/supplementary_table4_external_relation_transfer.csv,711205bf3d6950b54ef813ac107db46c572c539d4559c62d2320af55e9f80b45,711205bf3d6950b54ef813ac107db46c572c539d4559c62d2320af55e9f80b45
output/cgp_align/paper/manuscript_cgp_align_profile/bib_submission_build_v3/zenodo_results_reproducibility_package_20260831/supplementary_tables/supplementary_table5_matched_compound_profile_benchmark.csv,paper_snapshot/supplementary_tables/supplementary_table5_matched_compound_profile_benchmark.csv,e15d7ec499be074cd7c9b1444b91a77e383a531a20497adaba84439c974e1c20,e15d7ec499be074cd7c9b1444b91a77e383a531a20497adaba84439c974e1c20
output/cgp_align/paper/manuscript_cgp_align_profile/bib_submission_build_v3/zenodo_results_reproducibility_package_20260831/supplementary_tables/supplementary_table6_toxicity_and_alerts.csv,paper_snapshot/supplementary_tables/supplementary_table6_toxicity_and_alerts.csv,da64c846bd9ed9b54339b5de04fc3f1e308280bc82e09a1ad11f90d3cc1f6743,da64c846bd9ed9b54339b5de04fc3f1e308280bc82e09a1ad11f90d3cc1f6743
output/cgp_align/paper/manuscript_cgp_align_profile/bib_submission_build_v3/zenodo_results_reproducibility_package_20260831/supplementary_tables/supplementary_table7_prism_response_profile_retrieval.csv,paper_snapshot/supplementary_tables/supplementary_table7_prism_response_profile_retrieval.csv,86528cfa32f1f1549ee959cb9339fe3900dc9000c156b8b414ac4ac5aba618bd,86528cfa32f1f1549ee959cb9339fe3900dc9000c156b8b414ac4ac5aba618bd
output/cgp_align/paper/manuscript_cgp_align_profile/bib_submission_build_v3/zenodo_results_reproducibility_package_20260831/scripts/reproduce_article_results.R,paper_snapshot/scripts/reproduce_article_results.R,a1a31c6b9d3a55d10b0ef79ce41c6a1c4942ecbd416e3baeb9197b9a87768bc3,a1a31c6b9d3a55d10b0ef79ce41c6a1c4942ecbd416e3baeb9197b9a87768bc3
output/cgp_align/paper/manuscript_cgp_align_profile/bib_submission_build_v3/zenodo_results_reproducibility_package_20260831/LICENSE,paper_snapshot/LICENSE,aac03d7327cafa5b0d12c1b501db450d91c2dc4abe652ce084bbd9f3be5511d6,aac03d7327cafa5b0d12c1b501db450d91c2dc4abe652ce084bbd9f3be5511d6
output/cgp_align/paper/manuscript_cgp_align_profile/bib_submission_build_v3/review_upload_clean_20260810/source_data/figure3h_hidden_phenotype_neighbour_recovery.csv,revision_candidates/hidden_neighbours/figure3h_hidden_phenotype_neighbour_recovery.csv,06402742c76fca0153d4895e728631b0a436897ee25967fa6d0e3923b1e68737,06402742c76fca0153d4895e728631b0a436897ee25967fa6d0e3923b1e68737
output/cgp_align/paper/manuscript_cgp_align_profile/bib_submission_build_v3/review_upload_clean_20260810/source_data/figure3e_hidden_phenotype_neighbour_top50_source.csv,revision_candidates/hidden_neighbours/figure3e_hidden_phenotype_neighbour_top50_source.csv,90732d508cabd4e6dbd71283bcad47241d1517a5176767f7639c430c65aa23ed,90732d508cabd4e6dbd71283bcad47241d1517a5176767f7639c430c65aa23ed
output/cgp_align/paper/manuscript_cgp_align_profile/bib_submission_build_v3/review_upload_clean_20260810/source_data/figure3f_hidden_phenotype_neighbour_sensitivity_source.csv,revision_candidates/hidden_neighbours/figure3f_hidden_phenotype_neighbour_sensitivity_source.csv,87c9280657941d6a0418438720118b567645ae74aaecb371a720a0ad515d5efa,87c9280657941d6a0418438720118b567645ae74aaecb371a720a0ad515d5efa
output/cgp_align/paper/raw_results/four_branch_cwcl_sep_k32_3seed/no_teacher_seed31_test_metrics.json,reference_metrics/primary_seed31.json,60c1d20a4fd042b997c70e567b50cdbbdde81dc9a564abe59fffc04b52996e99,60c1d20a4fd042b997c70e567b50cdbbdde81dc9a564abe59fffc04b52996e99
output/cgp_align/paper/raw_results/four_branch_cwcl_sep_k32_3seed/no_teacher_seed37_test_metrics.json,reference_metrics/primary_seed37.json,9b1b22fed24ebebea5526fef56cd7328375440ad1591af84f28207e0c3e18ced,9b1b22fed24ebebea5526fef56cd7328375440ad1591af84f28207e0c3e18ced
output/cgp_align/paper/raw_results/four_branch_cwcl_sep_k32_3seed/no_teacher_seed41_test_metrics.json,reference_metrics/primary_seed41.json,57aee4d960d075087e883e892e639e89647f5cc4f39dc3e2dd1912152d7dd9b4,57aee4d960d075087e883e892e639e89647f5cc4f39dc3e2dd1912152d7dd9b4
scripts/build_prism_official_nyan_cache.py,scripts/build_prism_official_nyan_cache.py,74a927e6a6806cc9753512b423030a91cbdb086b271e762fcef91a27e146b9d2,74a927e6a6806cc9753512b423030a91cbdb086b271e762fcef91a27e146b9d2
scripts/run_prism_functional_analogue_retrieval.py,scripts/run_prism_functional_analogue_retrieval.py,0bb6969963a8787c886caccc7a34c9cc4847433ed820e8a7f1093ba7ca70d725,0bb6969963a8787c886caccc7a34c9cc4847433ed820e8a7f1093ba7ca70d725
scripts/eval_tri_intrinsic_gnn_esm650.py,scripts/eval_tri_intrinsic_gnn_esm650.py,6b1a433f02f7b72989f6d08aa9a951d239ece1786da79ecbd79c359d6899379c,6b1a433f02f7b72989f6d08aa9a951d239ece1786da79ecbd79c359d6899379c
scripts/train_tri_intrinsic_gnn_esm650.py,scripts/train_tri_intrinsic_gnn_esm650.py,2b5e9de54bfae5a0c39daa169bed060a744a52b3353431f462bb036fc61dda61,2b5e9de54bfae5a0c39daa169bed060a744a52b3353431f462bb036fc61dda61
output/cgp_align/paper/manuscript_cgp_align_profile/bib_submission_build_v3/scripts/make_figure3_merged_intrinsic_benchmark.R,figures/figure3/reproduce.R,797b05d4742f83b52f5ad1815775cbb288a31919f363eb74c5513119952dc232,c6bbd1ce713961afc5cdbd6332e7a7ad963c08f60b43f861d8b02929d163f6c7
output/cgp_align/paper/manuscript_cgp_align_profile/bib_submission_build_v3/review_upload_clean_20260810/source_data/figure2ab_four_branch_main_pca_source_data.csv,figures/figure3/source_data/figure2ab_four_branch_main_pca_source_data.csv,ff2eeee9fac5e18e9ac3df1e999f10c0af3dc8bcd5fd5733af449d9f1eec3eb8,4aa2965ad5203274f303133ab884a86556451b4748732a3fd3d0446d0e2c7102
output/cgp_align/paper/manuscript_cgp_align_profile/bib_submission_build_v3/review_upload_clean_20260810/source_data/figure2ab_four_branch_main_pca_metadata.json,figures/figure3/source_data/figure2ab_four_branch_main_pca_metadata.json,a2c62f114e36e0f24355b48d5d8c9f535604635004ecd29ea7d7e965c4ec09f8,265c73b2dbcb9a180e36639d0d33e885a5e1c50efc6dd17ba1de42f60f12f6b3
output/cgp_align/paper/manuscript_cgp_align_profile/bib_submission_build_v3/review_upload_clean_20260810/source_data/figure2c_direction_top10_run_values.csv,figures/figure3/source_data/figure2c_direction_top10_run_values.csv,df13e6e1846a16da1283e6ea9fc1723c0ceb74a5f73d52831f21e82c0edb056f,34303ec7641df679f77bdff79d60d423021f91872493db40a15502cfeb57b142
output/cgp_align/paper/manuscript_cgp_align_profile/bib_submission_build_v3/review_upload_clean_20260810/source_data/figure2c_random_ranking_top10.csv,figures/figure3/source_data/figure2c_random_ranking_top10.csv,f01cfc3d28c1ca9840ba625abb8538832b7dfba1d53ddf728e1e4e49ec470637,5de7caa8e8fda42b95a3ec363a80d77789ba3b8c5493573ccd371ed98566a67d
output/cgp_align/paper/manuscript_cgp_align_profile/bib_submission_build_v3/review_upload_clean_20260810/source_data/figureS5_random_ranking_negative_control.csv,figures/figure3/source_data/figureS5_random_ranking_negative_control.csv,99d4dd0131f9ed137cda8bd8a6c5e77017fe88d3de21042fa62db7b1e9d9c264,a97089b404822fec3f5189fab456dbdc23d37cea113c62cf48df9a65503d7853
output/cgp_align/paper/manuscript_cgp_align_profile/bib_submission_build_v3/review_upload_clean_20260810/source_data/figure2d_branch_summary_mean_sd.csv,figures/figure3/source_data/figure2d_branch_summary_mean_sd.csv,227623698a1cbdeb063f20c870eacef787cda9f2bb6565b83401779965a2a70d,e8290bf6ce4b4b77b2e610ea5b0eef8192c46054138dc0e81cf7c11fc4672c43
output/cgp_align/paper/manuscript_cgp_align_profile/bib_submission_build_v3/review_upload_clean_20260810/source_data/figure3_panelB_retrieval_performance.csv,figures/figure3/source_data/figure3_panelB_retrieval_performance.csv,ee1216e6d2a29ad3043276b2db6e2be2aec89484c2b48c2d10509041bce86b23,3b4493760b06248641be4640762fa68e519d72ace5fbdb341a3d7c866fd49eef
output/cgp_align/paper/manuscript_cgp_align_profile/bib_submission_build_v3/review_upload_clean_20260810/source_data/figure3_panelC_difficult_retrieval.csv,figures/figure3/source_data/figure3_panelC_difficult_retrieval.csv,7efeebfd6a524c53ef0d816f0fbc27d01049f1d8582ef5cc7dd747eb5c47a999,59cad3a537ce56f9c0c102fee5c23779de01d0237b08fbf3be5bbc5007aa412c
output/cgp_align/paper/manuscript_cgp_align_profile/bib_submission_build_v3/review_upload_clean_20260810/source_data/figure3h_hidden_phenotype_neighbour_recovery.csv,figures/figure3/source_data/figure3h_hidden_phenotype_neighbour_recovery.csv,06402742c76fca0153d4895e728631b0a436897ee25967fa6d0e3923b1e68737,c4eff803cad104d2ab979c62a3425b92f030d03d7dc232d1a44c54decc5effed
output/cgp_align/paper/manuscript_cgp_align_profile/hidden_phenotype_neighbour_recovery_20260908/final_raw3180/analysis_metadata.json,figures/figure3/provenance/hidden_analysis_metadata.json,5496766134af7921f38afd0a6b0aff1b180450e1662965d85985fe7abaee6b45,9b47480dc6033f7548aed5f0efb55bc55f9d48b3e668126c7bf1d0084634989a
output/cgp_align/paper/manuscript_cgp_align_profile/hidden_phenotype_neighbour_recovery_20260908/final_raw3180_inputs/final_raw3180_hidden_input_metadata.json,figures/figure3/provenance/hidden_input_metadata.json,75fa97e2b8129e6ad36e0410670220ea515229519e8d02e2f36a5aaa02747e24,2bec64c1a0ce186c8b16401c7dc1a7ad16fa6e8371a331f0d2d250152a2ed5e4
output/cgp_align/paper/manuscript_cgp_align_profile/hidden_phenotype_neighbour_recovery_20260908/final_raw3180/hidden_phenotype_neighbour_recovery_compact.csv,figures/figure3/source_data/hidden_phenotype_neighbour_recovery_compact.csv,44bc5cee560e1905e377e9cebc7ada31a7043a5005ecbc49f0a09ca43918d44e,c4eff803cad104d2ab979c62a3425b92f030d03d7dc232d1a44c54decc5effed
training_archive/scripts/build_compound_mocop_replicate_dataset.py,scripts/build_compound_mocop_replicate_dataset.py,23efaa3e175eececd7faf1b9439a897082d9302b07852805eeabb5ae5e412075,23efaa3e175eececd7faf1b9439a897082d9302b07852805eeabb5ae5e412075
training_archive/scripts/build_compound_mocop_corrected_profile_dataset.py,scripts/build_compound_mocop_corrected_profile_dataset.py,f43595a968ea955f4530f1a3ad28ab04456cf152a20172fd020710898578bfdd,f43595a968ea955f4530f1a3ad28ab04456cf152a20172fd020710898578bfdd
scripts/train_cgp_align_base_intrinsic.py,scripts/train_cgp_align_base_intrinsic.py,e4c035e4c205798fc13ae196880af6409009dcf646b13e3c884d87b883831a20,e4c035e4c205798fc13ae196880af6409009dcf646b13e3c884d87b883831a20
