independent_run,direction,short,branch,candidate_setting,metric,observed,random_ranking,fold_enrichment,positive_count_mean,negative_count,num_queries,num_gallery
31,Compound to profile,C-P,compound-profile,1:100 sampled,Top1,0.3989030920711695,0.05029791315622412,7.930808000566266,5.500259112109172,100.0,11578,63682
31,Compound to profile,C-P,compound-profile,1:100 sampled,Top10,0.8420193470374848,0.402019623530686,2.094473248948789,5.500259112109172,100.0,11578,63682
31,Compound to profile,C-P,compound-profile,full gallery,Recall@1,0.00984626014855761,8.637070305754326e-05,113.99999999997313,5.500259112109172,63676.49974088789,11578,63682
31,Compound to profile,C-P,compound-profile,full gallery,Recall@5,0.03195716013128347,0.00043168115768760506,74.0295460252864,5.500259112109172,63676.49974088789,11578,63682
31,Compound to profile,C-P,compound-profile,full gallery,Recall@10,0.051563309725341164,0.0008629333096377454,59.75352805303941,5.500259112109172,63676.49974088789,11578,63682
31,Profile to compound,P-C,compound-profile,1:100 sampled,Top1,0.15521497440407023,0.00990099009900991,15.67671241481108,1.0,100.0,63682,11578
31,Profile to compound,P-C,compound-profile,1:100 sampled,Top10,0.5527260450362739,0.09900990099009911,5.58253305486636,1.0,100.0,63682,11578
31,Profile to compound,P-C,compound-profile,full gallery,Recall@1,0.005511761565277473,8.637070305750338e-05,63.81517540279699,1.0,11577.0,63682,11578
31,Profile to compound,P-C,compound-profile,full gallery,Recall@5,0.02214126440752489,0.00043185351528762794,51.27031186206303,1.0,11577.0,63682,11578
31,Profile to compound,P-C,compound-profile,full gallery,Recall@10,0.03759304041958481,0.0008637070305751449,43.52522219779953,1.0,11577.0,63682,11578
31,Gene to profile,G-P,gene-profile,1:100 sampled,Top1,0.21393912659902953,0.049401949629704775,4.330580639076451,5.2046757829730925,100.0,2267,11799
31,Gene to profile,G-P,gene-profile,1:100 sampled,Top10,0.655138950154389,0.40977876032391525,1.5987625850508345,5.2046757829730925,100.0,2267,11799
31,Gene to profile,G-P,gene-profile,full gallery,Recall@1,0.009704455227172474,0.00044111160123506423,22.000000000002405,5.2046757829730925,11793.795324217026,2267,11799
31,Gene to profile,G-P,gene-profile,full gallery,Recall@5,0.037935597706219674,0.0022039251979345032,17.21274285614255,5.2046757829730925,11793.795324217026,2267,11799
31,Gene to profile,G-P,gene-profile,full gallery,Recall@10,0.05734450816056462,0.0044037722597190425,13.02167886497908,5.2046757829730925,11793.795324217026,2267,11799
31,Profile to gene,P-G,gene-profile,1:100 sampled,Top1,0.08060005085176711,0.00990099009900991,8.140605136028471,1.0,100.0,11799,2267
31,Profile to gene,P-G,gene-profile,1:100 sampled,Top10,0.35713196033562167,0.0990099009900991,3.6070327993897755,1.0,100.0,11799,2267
31,Profile to gene,P-G,gene-profile,full gallery,Recall@1,0.008390541571319604,0.0004411116012351668,19.0213577421792,1.0,2266.0,11799,2267
31,Profile to gene,P-G,gene-profile,full gallery,Recall@5,0.028646495465717434,0.002205558006175612,12.988321044155994,1.0,2266.0,11799,2267
31,Profile to gene,P-G,gene-profile,full gallery,Recall@10,0.0514450377150606,0.004411116012351002,11.662590050004564,1.0,2266.0,11799,2267
37,Compound to profile,C-P,compound-profile,1:100 sampled,Top1,0.4032216272240456,0.05082707171428955,7.933205939752843,5.734582829504232,100.0,11578,66395
37,Compound to profile,C-P,compound-profile,1:100 sampled,Top10,0.841112454655381,0.40331672898972903,2.085488635103953,5.734582829504232,100.0,11578,66395
37,Compound to profile,C-P,compound-profile,full gallery,Recall@1,0.008550699602694766,8.637070305749918e-05,99.00000000002717,5.734582829504232,66389.26541717049,11578,66395
37,Compound to profile,C-P,compound-profile,full gallery,Recall@5,0.030575228882363102,0.00043117734078644543,70.91102892047955,5.734582829504232,66389.26541717049,11578,66395
37,Compound to profile,C-P,compound-profile,full gallery,Recall@10,0.049058559336673004,0.0008607506314270217,56.99508957122665,5.734582829504232,66389.26541717049,11578,66395
37,Profile to compound,P-C,compound-profile,1:100 sampled,Top1,0.15232020483470143,0.009900990099009912,15.384340688304828,1.0,100.0,66395,11578
37,Profile to compound,P-C,compound-profile,1:100 sampled,Top10,0.5496709089539874,0.0990099009900991,5.551676180435268,1.0,100.0,66395,11578
37,Profile to compound,P-C,compound-profile,full gallery,Recall@1,0.0063860230439039085,8.637070305750338e-05,73.93737480233615,1.0,11577.0,66395,11578
37,Profile to compound,P-C,compound-profile,full gallery,Recall@5,0.02334513141049778,0.00043185351528762794,54.05798629414697,1.0,11577.0,66395,11578
37,Profile to compound,P-C,compound-profile,full gallery,Recall@10,0.03828601551321636,0.0008637070305751449,44.32754876120621,1.0,11577.0,66395,11578
37,Gene to profile,G-P,gene-profile,1:100 sampled,Top1,0.19960035523978686,0.04901598898841585,4.07214787172731,5.159857904085258,100.0,2252,11620
37,Gene to profile,G-P,gene-profile,1:100 sampled,Top10,0.6303285968028419,0.4077534276576246,1.5458572609035317,5.159857904085258,100.0,2252,11620
37,Gene to profile,G-P,gene-profile,full gallery,Recall@1,0.010657193605683837,0.0004440497335701801,23.999999999998906,5.159857904085258,11614.840142095914,2252,11620
37,Gene to profile,G-P,gene-profile,full gallery,Recall@5,0.037300177619893425,0.00221861370605209,16.812380414915577,5.159857904085258,11614.840142095914,2252,11620
37,Gene to profile,G-P,gene-profile,full gallery,Recall@10,0.05595026642984014,0.0044331437514532526,12.62090055426215,5.159857904085258,11614.840142095914,2252,11620
37,Profile to gene,P-G,gene-profile,1:100 sampled,Top1,0.07876075731497417,0.00990099009900991,7.954836488812385,1.0,100.0,11620,2252
37,Profile to gene,P-G,gene-profile,1:100 sampled,Top10,0.34310671256454384,0.0990099009900991,3.4653777969018895,1.0,100.0,11620,2252
37,Profile to gene,P-G,gene-profile,full gallery,Recall@1,0.00938037865748709,0.00044404973357015093,21.124612736661355,1.0,2251.0,11620,2252
37,Profile to gene,P-G,gene-profile,full gallery,Recall@5,0.027969018932874356,0.002220248667850755,12.597246127366862,1.0,2251.0,11620,2252
37,Profile to gene,P-G,gene-profile,full gallery,Recall@10,0.04974182444061962,0.00444049733570151,11.201858864027763,1.0,2251.0,11620,2252
41,Compound to profile,C-P,compound-profile,1:100 sampled,Top1,0.37348419416134043,0.050832099546115096,7.347408379669897,5.625755743651753,100.0,11578,65135
41,Compound to profile,C-P,compound-profile,1:100 sampled,Top10,0.832950423216445,0.4035654956487514,2.063978293975396,5.625755743651753,100.0,11578,65135
41,Compound to profile,C-P,compound-profile,full gallery,Recall@1,0.007514251166004491,8.63707030575155e-05,87.00000000000743,5.625755743651753,65129.374244256345,11578,65135
41,Compound to profile,C-P,compound-profile,full gallery,Recall@5,0.029193297633442736,0.00043163456168780675,67.63429119134743,5.625755743651753,65129.374244256345,11578,65135
41,Compound to profile,C-P,compound-profile,full gallery,Recall@10,0.04724477457246502,0.0008627249762617015,54.762265927645586,5.625755743651753,65129.374244256345,11578,65135
41,Profile to compound,P-C,compound-profile,1:100 sampled,Top1,0.13455438704229677,0.009900990099009908,13.589993091271964,1.0,100.0,65135,11578
41,Profile to compound,P-C,compound-profile,1:100 sampled,Top10,0.511956705304368,0.0990099009900991,5.1707627235741125,1.0,100.0,65135,11578
41,Profile to compound,P-C,compound-profile,full gallery,Recall@1,0.004820756889537115,8.637070305750338e-05,55.81472326707332,1.0,11577.0,65135,11578
41,Profile to compound,P-C,compound-profile,full gallery,Recall@5,0.018331158363399096,0.00043185351528762794,42.44763030628562,1.0,11577.0,65135,11578
41,Profile to compound,P-C,compound-profile,full gallery,Recall@10,0.031043217931987412,0.0008637070305751449,35.94183772165852,1.0,11577.0,65135,11578
41,Gene to profile,G-P,gene-profile,1:100 sampled,Top1,0.19400088222320247,0.04901493559424498,3.9579952492272743,5.160564622849581,100.0,2267,11699
41,Gene to profile,G-P,gene-profile,1:100 sampled,Top10,0.6533745037494486,0.40755641230098605,1.6031510829644915,5.160564622849581,100.0,2267,11699
41,Gene to profile,G-P,gene-profile,full gallery,Recall@1,0.012792236435818262,0.0004411116012350925,29.00000000000131,5.160564622849581,11693.839435377151,2267,11699
41,Gene to profile,G-P,gene-profile,full gallery,Recall@5,0.033083370092633436,0.0022039378784242513,15.011026588592888,5.160564622849581,11693.839435377151,2267,11699
41,Gene to profile,G-P,gene-profile,full gallery,Recall@10,0.05205116894574327,0.004403829188626529,11.819524944376202,5.160564622849581,11693.839435377151,2267,11699
41,Profile to gene,P-G,gene-profile,1:100 sampled,Top1,0.06835626976664673,0.00990099009900991,6.903983246431314,1.0,100.0,11699,2267
41,Profile to gene,P-G,gene-profile,1:100 sampled,Top10,0.34155910761603553,0.0990099009900991,3.449746986921956,1.0,100.0,11699,2267
41,Profile to gene,P-G,gene-profile,full gallery,Recall@1,0.005470553038721258,0.00044111160123516685,12.401743738779563,1.0,2266.0,11699,2267
41,Profile to gene,P-G,gene-profile,full gallery,Recall@5,0.025814172151465937,0.002205558006175612,11.704145653474393,1.0,2266.0,11699,2267
41,Profile to gene,P-G,gene-profile,full gallery,Recall@10,0.042225831267629715,0.004411116012351002,9.572595948371923,1.0,2266.0,11699,2267
