query_idx,CGP-Align,RDKit2D,cgp_better,same,n_query
33,0.44,0.26,True,False,1
35,0.48,0.28,True,False,1
50,0.14,0.04,True,False,1
51,0.38,0.16,True,False,1
83,0.68,0.2,True,False,1
85,0.32,0.24,True,False,1
92,0.18,0.22,False,False,1
105,0.36,0.16,True,False,1
116,0.54,0.26,True,False,1
120,0.5,0.16,True,False,1
123,0.06,0.04,True,False,1
144,0.04,0.04,False,True,1
156,0.36,0.22,True,False,1
178,0.38,0.18,True,False,1
187,0.44,0.2,True,False,1
195,0.64,0.04,True,False,1
202,0.0,0.04,False,False,1
205,0.66,0.06,True,False,1
225,0.02,0.06,False,False,1
227,0.44,0.2,True,False,1
232,0.54,0.22,True,False,1
252,0.06,0.16,False,False,1
268,0.3,0.22,True,False,1
270,0.08,0.28,False,False,1
273,0.44,0.26,True,False,1
278,0.6,0.26,True,False,1
281,0.24,0.0,True,False,1
309,0.52,0.16,True,False,1
314,0.34,0.28,True,False,1
318,0.02,0.02,False,True,1
334,0.32,0.26,True,False,1
336,0.42,0.26,True,False,1
339,0.2,0.16,True,False,1
340,0.36,0.22,True,False,1
356,0.12,0.02,True,False,1
379,0.44,0.26,True,False,1
385,0.4,0.06,True,False,1
387,0.56,0.38,True,False,1
389,0.52,0.26,True,False,1
396,0.4,0.28,True,False,1
422,0.02,0.08,False,False,1
436,0.3,0.3,False,True,1
449,0.34,0.16,True,False,1
450,0.5,0.24,True,False,1
470,0.62,0.04,True,False,1
475,0.18,0.2,False,False,1
514,0.58,0.3,True,False,1
524,0.02,0.24,False,False,1
528,0.38,0.3,True,False,1
529,0.44,0.26,True,False,1
530,0.08,0.1,False,False,1
534,0.54,0.1,True,False,1
543,0.54,0.02,True,False,1
546,0.22,0.04,True,False,1
556,0.14,0.14,False,True,1
560,0.0,0.02,False,False,1
570,0.38,0.1,True,False,1
571,0.44,0.4,True,False,1
574,0.06,0.0,True,False,1
582,0.02,0.08,False,False,1
592,0.32,0.18,True,False,1
610,0.06,0.1,False,False,1
613,0.26,0.2,True,False,1
635,0.22,0.06,True,False,1
657,0.0,0.04,False,False,1
662,0.18,0.24,False,False,1
671,0.02,0.0,True,False,1
673,0.64,0.22,True,False,1
677,0.06,0.08,False,False,1
681,0.46,0.16,True,False,1
685,0.52,0.2,True,False,1
688,0.62,0.1,True,False,1
698,0.34,0.2,True,False,1
707,0.04,0.06,False,False,1
713,0.4,0.2,True,False,1
718,0.02,0.06,False,False,1
733,0.06,0.12,False,False,1
737,0.04,0.04,False,True,1
779,0.4,0.18,True,False,1
787,0.46,0.24,True,False,1
794,0.66,0.08,True,False,1
797,0.54,0.04,True,False,1
801,0.08,0.18,False,False,1
806,0.62,0.14,True,False,1
812,0.44,0.22,True,False,1
816,0.48,0.06,True,False,1
820,0.44,0.28,True,False,1
838,0.04,0.04,False,True,1
839,0.06,0.02,True,False,1
841,0.48,0.36,True,False,1
865,0.42,0.28,True,False,1
881,0.32,0.16,True,False,1
898,0.16,0.02,True,False,1
912,0.2,0.06,True,False,1
921,0.02,0.2,False,False,1
942,0.52,0.06,True,False,1
945,0.08,0.04,True,False,1
958,0.5,0.16,True,False,1
976,0.48,0.3,True,False,1
999,0.04,0.06,False,False,1
1001,0.46,0.06,True,False,1
1004,0.14,0.16,False,False,1
1011,0.3,0.34,False,False,1
1043,0.46,0.26,True,False,1
1047,0.32,0.22,True,False,1
1060,0.64,0.04,True,False,1
1069,0.16,0.06,True,False,1
1076,0.58,0.18,True,False,1
1078,0.16,0.12,True,False,1
1079,0.46,0.2,True,False,1
1080,0.34,0.34,False,True,1
1081,0.5,0.16,True,False,1
1092,0.44,0.24,True,False,1
1104,0.0,0.2,False,False,1
1110,0.5,0.22,True,False,1
1112,0.46,0.34,True,False,1
1119,0.66,0.22,True,False,1
1128,0.24,0.28,False,False,1
1139,0.02,0.02,False,True,1
1141,0.66,0.06,True,False,1
1161,0.14,0.1,True,False,1
1169,0.22,0.14,True,False,1
1178,0.42,0.22,True,False,1
1181,0.38,0.06,True,False,1
1186,0.4,0.28,True,False,1
1189,0.58,0.22,True,False,1
1191,0.3,0.24,True,False,1
1196,0.44,0.24,True,False,1
1210,0.0,0.04,False,False,1
1214,0.46,0.2,True,False,1
1220,0.4,0.28,True,False,1
1226,0.48,0.1,True,False,1
1235,0.36,0.32,True,False,1
1236,0.56,0.3,True,False,1
1238,0.46,0.12,True,False,1
1240,0.12,0.0,True,False,1
1241,0.68,0.12,True,False,1
1245,0.6,0.04,True,False,1
1285,0.24,0.06,True,False,1
1299,0.42,0.16,True,False,1
1315,0.54,0.26,True,False,1
1319,0.26,0.24,True,False,1
1323,0.46,0.34,True,False,1
1331,0.24,0.26,False,False,1
1338,0.4,0.14,True,False,1
1339,0.2,0.04,True,False,1
1352,0.02,0.02,False,True,1
1357,0.4,0.24,True,False,1
1375,0.04,0.04,False,True,1
1389,0.42,0.2,True,False,1
1407,0.06,0.06,False,True,1
1416,0.44,0.2,True,False,1
1428,0.36,0.2,True,False,1
1435,0.0,0.1,False,False,1
1470,0.2,0.12,True,False,1
1486,0.42,0.26,True,False,1
1501,0.24,0.26,False,False,1
1503,0.26,0.06,True,False,1
1522,0.02,0.12,False,False,1
1536,0.1,0.22,False,False,1
1539,0.5,0.24,True,False,1
1551,0.08,0.06,True,False,1
1553,0.56,0.06,True,False,1
1564,0.22,0.02,True,False,1
1584,0.34,0.2,True,False,1
1585,0.46,0.34,True,False,1
1608,0.16,0.34,False,False,1
1637,0.56,0.2,True,False,1
1641,0.06,0.18,False,False,1
1649,0.46,0.2,True,False,1
1655,0.22,0.04,True,False,1
1680,0.16,0.22,False,False,1
1689,0.4,0.24,True,False,1
1692,0.42,0.18,True,False,1
1700,0.06,0.0,True,False,1
1709,0.36,0.22,True,False,1
1718,0.06,0.1,False,False,1
1739,0.3,0.28,True,False,1
1754,0.54,0.0,True,False,1
1763,0.36,0.22,True,False,1
1781,0.5,0.26,True,False,1
1787,0.32,0.22,True,False,1
1817,0.0,0.0,False,True,1
1822,0.02,0.06,False,False,1
1828,0.34,0.04,True,False,1
1829,0.04,0.04,False,True,1
1835,0.38,0.3,True,False,1
