task,representation,display,model,fold,n_train,n_test,positive_train,positive_test,n_train_scaffolds,n_test_scaffolds,scaffold_overlap,auroc,auprc
Endocrine Disruption_SR-ARE,CGP_sep_k32,CGP-Align,extratrees_scaffold,0,5490,47,856,14,2874,33,0,0.843073593073593,0.6797994942261859
Endocrine Disruption_SR-ARE,CGP_sep_k32,CGP-Align,extratrees_scaffold,1,3202,2335,552,318,2183,724,0,0.8283910658771512,0.5091330775081578
Endocrine Disruption_SR-ARE,CGP_sep_k32,CGP-Align,extratrees_scaffold,2,4374,1163,668,202,2172,735,0,0.8235748652908996,0.5113587018100667
Endocrine Disruption_SR-ARE,CGP_sep_k32,CGP-Align,extratrees_scaffold,3,4578,959,706,164,2213,694,0,0.8181853044945544,0.5089684605118159
Endocrine Disruption_SR-ARE,CGP_sep_k32,CGP-Align,extratrees_scaffold,4,4504,1033,698,172,2186,721,0,0.8011506360910785,0.5013300461870291
Endocrine Disruption_SR-ARE,RDKit2D,RDKit2D,extratrees_scaffold,0,5490,47,856,14,2874,33,0,0.8679653679653679,0.6285812875874988
Endocrine Disruption_SR-ARE,RDKit2D,RDKit2D,extratrees_scaffold,1,3202,2335,552,318,2183,724,0,0.7523713529340231,0.38744907568796827
Endocrine Disruption_SR-ARE,RDKit2D,RDKit2D,extratrees_scaffold,2,4374,1163,668,202,2172,735,0,0.8112218089654958,0.4816690470913203
Endocrine Disruption_SR-ARE,RDKit2D,RDKit2D,extratrees_scaffold,3,4578,959,706,164,2213,694,0,0.8279797514956282,0.5457484808847048
Endocrine Disruption_SR-ARE,RDKit2D,RDKit2D,extratrees_scaffold,4,4504,1033,698,172,2186,721,0,0.8042804472895227,0.43967106528461564
Endocrine Disruption_SR-ARE,NYAN_latent,NYAN,extratrees_scaffold,0,5490,47,856,14,2874,33,0,0.8246753246753247,0.6121320046717379
Endocrine Disruption_SR-ARE,NYAN_latent,NYAN,extratrees_scaffold,1,3202,2335,552,318,2183,724,0,0.7524313773179545,0.3424120906431347
Endocrine Disruption_SR-ARE,NYAN_latent,NYAN,extratrees_scaffold,2,4374,1163,668,202,2172,735,0,0.8031985040335459,0.4435460937409976
Endocrine Disruption_SR-ARE,NYAN_latent,NYAN,extratrees_scaffold,3,4578,959,706,164,2213,694,0,0.8014956281638288,0.4821979822867503
Endocrine Disruption_SR-ARE,NYAN_latent,NYAN,extratrees_scaffold,4,4504,1033,698,172,2186,721,0,0.7873281473678524,0.4651663435225466
Endocrine Disruption_SR-ARE,Morgan2048,Morgan,extratrees_scaffold,0,5490,47,856,14,2874,33,0,0.8203463203463204,0.643977399412182
Endocrine Disruption_SR-ARE,Morgan2048,Morgan,extratrees_scaffold,1,3202,2335,552,318,2183,724,0,0.7004580562077687,0.2753120906172851
Endocrine Disruption_SR-ARE,Morgan2048,Morgan,extratrees_scaffold,2,4374,1163,668,202,2172,735,0,0.7787525370643202,0.46675254125663873
Endocrine Disruption_SR-ARE,Morgan2048,Morgan,extratrees_scaffold,3,4578,959,706,164,2213,694,0,0.7751227182083142,0.4516570768475116
Endocrine Disruption_SR-ARE,Morgan2048,Morgan,extratrees_scaffold,4,4504,1033,698,172,2186,721,0,0.7752073035680522,0.41840960476569966
Endocrine Disruption_SR-ARE,AtomPair2048,AtomPair,extratrees_scaffold,0,5490,47,856,14,2874,33,0,0.7976190476190476,0.5569782458437921
Endocrine Disruption_SR-ARE,AtomPair2048,AtomPair,extratrees_scaffold,1,3202,2335,552,318,2183,724,0,0.7076142100323353,0.33356125708014017
Endocrine Disruption_SR-ARE,AtomPair2048,AtomPair,extratrees_scaffold,2,4374,1163,668,202,2172,735,0,0.8049499799095413,0.4868653410728777
Endocrine Disruption_SR-ARE,AtomPair2048,AtomPair,extratrees_scaffold,3,4578,959,706,164,2213,694,0,0.8122104617272587,0.5258035732131981
Endocrine Disruption_SR-ARE,AtomPair2048,AtomPair,extratrees_scaffold,4,4504,1033,698,172,2186,721,0,0.8126975123571835,0.4562587767012651
Endocrine Disruption_SR-ARE,Avalon1024,Avalon,extratrees_scaffold,0,5490,47,856,14,2874,33,0,0.8398268398268398,0.6041909216061635
Endocrine Disruption_SR-ARE,Avalon1024,Avalon,extratrees_scaffold,1,3202,2335,552,318,2183,724,0,0.745066307455808,0.33282456581956277
Endocrine Disruption_SR-ARE,Avalon1024,Avalon,extratrees_scaffold,2,4374,1163,668,202,2172,735,0,0.7740982474938441,0.4249637347245566
Endocrine Disruption_SR-ARE,Avalon1024,Avalon,extratrees_scaffold,3,4578,959,706,164,2213,694,0,0.7843227488878664,0.48097294478649066
Endocrine Disruption_SR-ARE,Avalon1024,Avalon,extratrees_scaffold,4,4504,1033,698,172,2186,721,0,0.7824899386867622,0.40457942222417015
Endocrine Disruption_SR-ATAD5,CGP_sep_k32,CGP-Align,extratrees_scaffold,0,5339,1398,188,54,2662,877,0,0.8463541666666667,0.3295641600131524
Endocrine Disruption_SR-ATAD5,CGP_sep_k32,CGP-Align,extratrees_scaffold,1,4149,2588,157,85,2658,881,0,0.8782778313083124,0.3293677934201231
Endocrine Disruption_SR-ATAD5,CGP_sep_k32,CGP-Align,extratrees_scaffold,2,6716,21,241,1,3526,13,0,0.75,0.16666666666666666
Endocrine Disruption_SR-ATAD5,CGP_sep_k32,CGP-Align,extratrees_scaffold,3,5418,1319,195,47,2653,886,0,0.8338685936036397,0.2967389093325407
Endocrine Disruption_SR-ATAD5,CGP_sep_k32,CGP-Align,extratrees_scaffold,4,5326,1411,187,55,2657,882,0,0.907059533386967,0.3353965918267727
Endocrine Disruption_SR-ATAD5,RDKit2D,RDKit2D,extratrees_scaffold,0,5339,1398,188,54,2662,877,0,0.8483658509700176,0.21988910409319656
Endocrine Disruption_SR-ATAD5,RDKit2D,RDKit2D,extratrees_scaffold,1,4149,2588,157,85,2658,881,0,0.805130314211182,0.24116849159917114
Endocrine Disruption_SR-ATAD5,RDKit2D,RDKit2D,extratrees_scaffold,2,6716,21,241,1,3526,13,0,0.85,0.25
Endocrine Disruption_SR-ATAD5,RDKit2D,RDKit2D,extratrees_scaffold,3,5418,1319,195,47,2653,886,0,0.834320219456711,0.1654615480303929
Endocrine Disruption_SR-ATAD5,RDKit2D,RDKit2D,extratrees_scaffold,4,5326,1411,187,55,2657,882,0,0.8771453472780906,0.22719475591203203
Endocrine Disruption_SR-ATAD5,NYAN_latent,NYAN,extratrees_scaffold,0,5339,1398,188,54,2662,877,0,0.8096340388007055,0.19951103350688673
Endocrine Disruption_SR-ATAD5,NYAN_latent,NYAN,extratrees_scaffold,1,4149,2588,157,85,2658,881,0,0.7850461798782638,0.18304321276476127
Endocrine Disruption_SR-ATAD5,NYAN_latent,NYAN,extratrees_scaffold,2,6716,21,241,1,3526,13,0,0.7000000000000001,0.14285714285714285
Endocrine Disruption_SR-ATAD5,NYAN_latent,NYAN,extratrees_scaffold,3,5418,1319,195,47,2653,886,0,0.7701558945537268,0.12113182150453441
Endocrine Disruption_SR-ATAD5,NYAN_latent,NYAN,extratrees_scaffold,4,5326,1411,187,55,2657,882,0,0.8255832662912309,0.19903036539339192
Endocrine Disruption_SR-ATAD5,Morgan2048,Morgan,extratrees_scaffold,0,5339,1398,188,54,2662,877,0,0.8310529651675486,0.2175494633413988
Endocrine Disruption_SR-ATAD5,Morgan2048,Morgan,extratrees_scaffold,1,4149,2588,157,85,2658,881,0,0.8011915113628354,0.1567480190298201
Endocrine Disruption_SR-ATAD5,Morgan2048,Morgan,extratrees_scaffold,2,6716,21,241,1,3526,13,0,0.75,0.16666666666666666
Endocrine Disruption_SR-ATAD5,Morgan2048,Morgan,extratrees_scaffold,3,5418,1319,195,47,2653,886,0,0.7842315669744413,0.20453335080913354
Endocrine Disruption_SR-ATAD5,Morgan2048,Morgan,extratrees_scaffold,4,5326,1411,187,55,2657,882,0,0.808655135425047,0.2005002729368522
Endocrine Disruption_SR-ATAD5,AtomPair2048,AtomPair,extratrees_scaffold,0,5339,1398,188,54,2662,877,0,0.8275118496472663,0.22388766470042581
Endocrine Disruption_SR-ATAD5,AtomPair2048,AtomPair,extratrees_scaffold,1,4149,2588,157,85,2658,881,0,0.781720758619069,0.22650512073307189
Endocrine Disruption_SR-ATAD5,AtomPair2048,AtomPair,extratrees_scaffold,2,6716,21,241,1,3526,13,0,0.65,0.125
Endocrine Disruption_SR-ATAD5,AtomPair2048,AtomPair,extratrees_scaffold,3,5418,1319,195,47,2653,886,0,0.8048474508229628,0.18721579899316534
Endocrine Disruption_SR-ATAD5,AtomPair2048,AtomPair,extratrees_scaffold,4,5326,1411,187,55,2657,882,0,0.8275006704210245,0.27431019495970455
Endocrine Disruption_SR-ATAD5,Avalon1024,Avalon,extratrees_scaffold,0,5339,1398,188,54,2662,877,0,0.8150903880070547,0.2225019515097864
Endocrine Disruption_SR-ATAD5,Avalon1024,Avalon,extratrees_scaffold,1,4149,2588,157,85,2658,881,0,0.7872599938896854,0.13928357571557656
Endocrine Disruption_SR-ATAD5,Avalon1024,Avalon,extratrees_scaffold,2,6716,21,241,1,3526,13,0,0.5,0.09090909090909091
Endocrine Disruption_SR-ATAD5,Avalon1024,Avalon,extratrees_scaffold,3,5418,1319,195,47,2653,886,0,0.7492974708952227,0.2145600818417471
Endocrine Disruption_SR-ATAD5,Avalon1024,Avalon,extratrees_scaffold,4,5326,1411,187,55,2657,882,0,0.8265486725663717,0.2797391532757368
Endocrine Disruption_SR-HSE,CGP_sep_k32,CGP-Align,extratrees_scaffold,0,6131,14,331,3,3208,13,0,0.8484848484848484,0.7916666666666666
Endocrine Disruption_SR-HSE,CGP_sep_k32,CGP-Align,extratrees_scaffold,1,4876,1269,279,55,2416,805,0,0.783899955069642,0.3794609757715903
Endocrine Disruption_SR-HSE,CGP_sep_k32,CGP-Align,extratrees_scaffold,2,3620,2525,186,148,2414,807,0,0.8113906923330567,0.38488113519123285
Endocrine Disruption_SR-HSE,CGP_sep_k32,CGP-Align,extratrees_scaffold,3,4964,1181,274,60,2427,794,0,0.8278471602735652,0.3515405067616082
Endocrine Disruption_SR-HSE,CGP_sep_k32,CGP-Align,extratrees_scaffold,4,4989,1156,266,68,2419,802,0,0.7524329584775087,0.2926764130707292
Endocrine Disruption_SR-HSE,RDKit2D,RDKit2D,extratrees_scaffold,0,6131,14,331,3,3208,13,0,0.8787878787878788,0.7222222222222222
Endocrine Disruption_SR-HSE,RDKit2D,RDKit2D,extratrees_scaffold,1,4876,1269,279,55,2416,805,0,0.7843642354350757,0.31512862693508414
Endocrine Disruption_SR-HSE,RDKit2D,RDKit2D,extratrees_scaffold,2,3620,2525,186,148,2414,807,0,0.7212475411886434,0.23345871776451088
Endocrine Disruption_SR-HSE,RDKit2D,RDKit2D,extratrees_scaffold,3,4964,1181,274,60,2427,794,0,0.8300029735355338,0.38442987032372883
Endocrine Disruption_SR-HSE,RDKit2D,RDKit2D,extratrees_scaffold,4,4989,1156,266,68,2419,802,0,0.760191392733564,0.24979721658954787
Endocrine Disruption_SR-HSE,NYAN_latent,NYAN,extratrees_scaffold,0,6131,14,331,3,3208,13,0,0.803030303030303,0.7666666666666666
Endocrine Disruption_SR-HSE,NYAN_latent,NYAN,extratrees_scaffold,1,4876,1269,279,55,2416,805,0,0.7424442114722181,0.23610844488987498
Endocrine Disruption_SR-HSE,NYAN_latent,NYAN,extratrees_scaffold,2,3620,2525,186,148,2414,807,0,0.7002851084151043,0.22653515758902362
Endocrine Disruption_SR-HSE,NYAN_latent,NYAN,extratrees_scaffold,3,4964,1181,274,60,2427,794,0,0.7736619090098127,0.3444189384150419
Endocrine Disruption_SR-HSE,NYAN_latent,NYAN,extratrees_scaffold,4,4989,1156,266,68,2419,802,0,0.7759785899653979,0.2617398805961702
Endocrine Disruption_SR-HSE,Morgan2048,Morgan,extratrees_scaffold,0,6131,14,331,3,3208,13,0,0.7878787878787878,0.6666666666666666
Endocrine Disruption_SR-HSE,Morgan2048,Morgan,extratrees_scaffold,1,4876,1269,279,55,2416,805,0,0.8231915530927065,0.2608445006498063
Endocrine Disruption_SR-HSE,Morgan2048,Morgan,extratrees_scaffold,2,3620,2525,186,148,2414,807,0,0.6986719576117977,0.14383778560168956
Endocrine Disruption_SR-HSE,Morgan2048,Morgan,extratrees_scaffold,3,4964,1181,274,60,2427,794,0,0.778181683021112,0.2808581350849897
Endocrine Disruption_SR-HSE,Morgan2048,Morgan,extratrees_scaffold,4,4989,1156,266,68,2419,802,0,0.7426470588235294,0.2399070368452739
Endocrine Disruption_SR-HSE,AtomPair2048,AtomPair,extratrees_scaffold,0,6131,14,331,3,3208,13,0,0.6666666666666666,0.4722222222222222
Endocrine Disruption_SR-HSE,AtomPair2048,AtomPair,extratrees_scaffold,1,4876,1269,279,55,2416,805,0,0.756222854575408,0.2811906912820474
Endocrine Disruption_SR-HSE,AtomPair2048,AtomPair,extratrees_scaffold,2,3620,2525,186,148,2414,807,0,0.7135754812448123,0.1869158763391776
Endocrine Disruption_SR-HSE,AtomPair2048,AtomPair,extratrees_scaffold,3,4964,1181,274,60,2427,794,0,0.8005872732679156,0.32887957120532024
Endocrine Disruption_SR-HSE,AtomPair2048,AtomPair,extratrees_scaffold,4,4989,1156,266,68,2419,802,0,0.736328125,0.2127484191910146
Endocrine Disruption_SR-HSE,Avalon1024,Avalon,extratrees_scaffold,0,6131,14,331,3,3208,13,0,0.7727272727272727,0.5873015873015872
Endocrine Disruption_SR-HSE,Avalon1024,Avalon,extratrees_scaffold,1,4876,1269,279,55,2416,805,0,0.7964505017223305,0.23006422076698507
Endocrine Disruption_SR-HSE,Avalon1024,Avalon,extratrees_scaffold,2,3620,2525,186,148,2414,807,0,0.7151715767092293,0.1713883985840754
Endocrine Disruption_SR-HSE,Avalon1024,Avalon,extratrees_scaffold,3,4964,1181,274,60,2427,794,0,0.7224947963128159,0.22070728547775398
Endocrine Disruption_SR-HSE,Avalon1024,Avalon,extratrees_scaffold,4,4989,1156,266,68,2419,802,0,0.7231022923875434,0.223107317804757
Endocrine Disruption_SR-MMP,CGP_sep_k32,CGP-Align,extratrees_scaffold,0,4453,1076,700,175,2227,729,0,0.8950879974631362,0.6880206710941484
Endocrine Disruption_SR-MMP,CGP_sep_k32,CGP-Align,extratrees_scaffold,1,4342,1187,657,218,2212,744,0,0.9058094507721002,0.7308309799148363
Endocrine Disruption_SR-MMP,CGP_sep_k32,CGP-Align,extratrees_scaffold,2,3345,2184,552,323,2214,742,0,0.8740091132468145,0.615364718951778
Endocrine Disruption_SR-MMP,CGP_sep_k32,CGP-Align,extratrees_scaffold,4,4448,1081,716,159,2216,740,0,0.8850291272732234,0.6027664730031819
Endocrine Disruption_SR-MMP,RDKit2D,RDKit2D,extratrees_scaffold,0,4453,1076,700,175,2227,729,0,0.8975646107499603,0.6736842900798733
Endocrine Disruption_SR-MMP,RDKit2D,RDKit2D,extratrees_scaffold,1,4342,1187,657,218,2212,744,0,0.9307216367957131,0.7796616880533483
Endocrine Disruption_SR-MMP,RDKit2D,RDKit2D,extratrees_scaffold,2,3345,2184,552,323,2214,742,0,0.8970617348441117,0.6532174707898384
Endocrine Disruption_SR-MMP,RDKit2D,RDKit2D,extratrees_scaffold,4,4448,1081,716,159,2216,740,0,0.8883170302459787,0.6350789813908855
Endocrine Disruption_SR-MMP,NYAN_latent,NYAN,extratrees_scaffold,0,4453,1076,700,175,2227,729,0,0.8853369272237196,0.6283536291424828
Endocrine Disruption_SR-MMP,NYAN_latent,NYAN,extratrees_scaffold,1,4342,1187,657,218,2212,744,0,0.9169814714876776,0.7267590795438313
Endocrine Disruption_SR-MMP,NYAN_latent,NYAN,extratrees_scaffold,2,3345,2184,552,323,2214,742,0,0.8409074651099728,0.5209796866130424
Endocrine Disruption_SR-MMP,NYAN_latent,NYAN,extratrees_scaffold,4,4448,1081,716,159,2216,740,0,0.8548070232881757,0.5031855381029723
Endocrine Disruption_SR-MMP,Morgan2048,Morgan,extratrees_scaffold,0,4453,1076,700,175,2227,729,0,0.8511146345330585,0.5433842511300496
Endocrine Disruption_SR-MMP,Morgan2048,Morgan,extratrees_scaffold,1,4342,1187,657,218,2212,744,0,0.8801848117325155,0.6656828296771451
Endocrine Disruption_SR-MMP,Morgan2048,Morgan,extratrees_scaffold,2,3345,2184,552,323,2214,742,0,0.798112802631163,0.4131986973593074
Endocrine Disruption_SR-MMP,Morgan2048,Morgan,extratrees_scaffold,4,4448,1081,716,159,2216,740,0,0.8136945933778087,0.47092283792560535
Endocrine Disruption_SR-MMP,AtomPair2048,AtomPair,extratrees_scaffold,0,4453,1076,700,175,2227,729,0,0.8711304899318217,0.6456587562008556
Endocrine Disruption_SR-MMP,AtomPair2048,AtomPair,extratrees_scaffold,1,4342,1187,657,218,2212,744,0,0.9151399816324405,0.7462444737617323
Endocrine Disruption_SR-MMP,AtomPair2048,AtomPair,extratrees_scaffold,2,3345,2184,552,323,2214,742,0,0.8224738522349746,0.5020369153408983
Endocrine Disruption_SR-MMP,AtomPair2048,AtomPair,extratrees_scaffold,4,4448,1081,716,159,2216,740,0,0.865639367522067,0.5383360132800878
Endocrine Disruption_SR-MMP,Avalon1024,Avalon,extratrees_scaffold,0,4453,1076,700,175,2227,729,0,0.8347106389725701,0.5685068482261193
Endocrine Disruption_SR-MMP,Avalon1024,Avalon,extratrees_scaffold,1,4342,1187,657,218,2212,744,0,0.8984695278401076,0.6901291062425987
Endocrine Disruption_SR-MMP,Avalon1024,Avalon,extratrees_scaffold,2,3345,2184,552,323,2214,742,0,0.8276243838410389,0.4755302857356607
Endocrine Disruption_SR-MMP,Avalon1024,Avalon,extratrees_scaffold,4,4448,1081,716,159,2216,740,0,0.8239164245078378,0.5056664831490205
Endocrine Disruption_SR-p53,CGP_sep_k32,CGP-Align,extratrees_scaffold,0,6377,69,384,9,3387,31,0,0.8583333333333333,0.3848290305905248
Endocrine Disruption_SR-p53,CGP_sep_k32,CGP-Align,extratrees_scaffold,1,5203,1243,311,82,2568,850,0,0.8583328081342829,0.42249855812203874
Endocrine Disruption_SR-p53,CGP_sep_k32,CGP-Align,extratrees_scaffold,2,5235,1211,283,110,2578,840,0,0.850309635868219,0.46574674836279084
Endocrine Disruption_SR-p53,CGP_sep_k32,CGP-Align,extratrees_scaffold,3,3868,2578,280,113,2568,850,0,0.853966145506112,0.28743587139183213
Endocrine Disruption_SR-p53,CGP_sep_k32,CGP-Align,extratrees_scaffold,4,5101,1345,314,79,2571,847,0,0.8946347511348411,0.4228811252241954
Endocrine Disruption_SR-p53,RDKit2D,RDKit2D,extratrees_scaffold,0,6377,69,384,9,3387,31,0,0.7388888888888889,0.24960078048313342
Endocrine Disruption_SR-p53,RDKit2D,RDKit2D,extratrees_scaffold,1,5203,1243,311,82,2568,850,0,0.8769143505388541,0.393920861472593
Endocrine Disruption_SR-p53,RDKit2D,RDKit2D,extratrees_scaffold,2,5235,1211,283,110,2578,840,0,0.8607505573445628,0.48502939429969955
Endocrine Disruption_SR-p53,RDKit2D,RDKit2D,extratrees_scaffold,3,3868,2578,280,113,2568,850,0,0.7783571774758118,0.21410815727836485
Endocrine Disruption_SR-p53,RDKit2D,RDKit2D,extratrees_scaffold,4,5101,1345,314,79,2571,847,0,0.9159317695522627,0.5088663642648431
Endocrine Disruption_SR-p53,NYAN_latent,NYAN,extratrees_scaffold,0,6377,69,384,9,3387,31,0,0.6509259259259259,0.20812886195323133
Endocrine Disruption_SR-p53,NYAN_latent,NYAN,extratrees_scaffold,1,5203,1243,311,82,2568,850,0,0.8852440074788346,0.34978932617394637
Endocrine Disruption_SR-p53,NYAN_latent,NYAN,extratrees_scaffold,2,5235,1211,283,110,2578,840,0,0.8292007266121708,0.3408387516650304
Endocrine Disruption_SR-p53,NYAN_latent,NYAN,extratrees_scaffold,3,3868,2578,280,113,2568,850,0,0.7541133389577986,0.16312926339441314
Endocrine Disruption_SR-p53,NYAN_latent,NYAN,extratrees_scaffold,4,5101,1345,314,79,2571,847,0,0.8805067290579319,0.452552493873147
Endocrine Disruption_SR-p53,Morgan2048,Morgan,extratrees_scaffold,0,6377,69,384,9,3387,31,0,0.7666666666666666,0.3329656145832617
Endocrine Disruption_SR-p53,Morgan2048,Morgan,extratrees_scaffold,1,5203,1243,311,82,2568,850,0,0.8021260057561816,0.3192565609565726
Endocrine Disruption_SR-p53,Morgan2048,Morgan,extratrees_scaffold,2,5235,1211,283,110,2578,840,0,0.8224176368590537,0.38049230328786005
Endocrine Disruption_SR-p53,Morgan2048,Morgan,extratrees_scaffold,3,3868,2578,280,113,2568,850,0,0.7221687698576531,0.13673719509626947
Endocrine Disruption_SR-p53,Morgan2048,Morgan,extratrees_scaffold,4,5101,1345,314,79,2571,847,0,0.836317915491831,0.3026189483824364
Endocrine Disruption_SR-p53,AtomPair2048,AtomPair,extratrees_scaffold,0,6377,69,384,9,3387,31,0,0.5722222222222222,0.21606253136951203
Endocrine Disruption_SR-p53,AtomPair2048,AtomPair,extratrees_scaffold,1,5203,1243,311,82,2568,850,0,0.8699817230730449,0.35956959634413954
Endocrine Disruption_SR-p53,AtomPair2048,AtomPair,extratrees_scaffold,2,5235,1211,283,110,2578,840,0,0.8505573445627941,0.4046498293871872
Endocrine Disruption_SR-p53,AtomPair2048,AtomPair,extratrees_scaffold,3,3868,2578,280,113,2568,850,0,0.7490136243694915,0.17096329745439387
Endocrine Disruption_SR-p53,AtomPair2048,AtomPair,extratrees_scaffold,4,5101,1345,314,79,2571,847,0,0.8655088287639731,0.39245575550062495
Endocrine Disruption_SR-p53,Avalon1024,Avalon,extratrees_scaffold,0,6377,69,384,9,3387,31,0,0.6935185185185184,0.2378977076448612
Endocrine Disruption_SR-p53,Avalon1024,Avalon,extratrees_scaffold,1,5203,1243,311,82,2568,850,0,0.859314930358606,0.35860561330107826
Endocrine Disruption_SR-p53,Avalon1024,Avalon,extratrees_scaffold,2,5235,1211,283,110,2578,840,0,0.8348773841961854,0.4408860841616158
Endocrine Disruption_SR-p53,Avalon1024,Avalon,extratrees_scaffold,3,3868,2578,280,113,2568,850,0,0.7617261124773378,0.17639302465347595
Endocrine Disruption_SR-p53,Avalon1024,Avalon,extratrees_scaffold,4,5101,1345,314,79,2571,847,0,0.8327534145219668,0.33072641241586426
