method,seed,setting,score,previous_score,change_pp,checkpoint_epoch,checkpoint_sha256
cgp,31,100,0.697698220763517,0.7007298324408361,-0.3031611677319135,220,1b45e30d2713f0611f0f94e88d18b4f4837a44b4ace0c47ea8ac00b9494373a0
cgp,31,1000,0.30443081706685093,0.3002375194334082,0.41932976334427274,220,1b45e30d2713f0611f0f94e88d18b4f4837a44b4ace0c47ea8ac00b9494373a0
cgp,31,full,0.09712385558818448,0.08632751770599412,1.0796337882190365,220,1b45e30d2713f0611f0f94e88d18b4f4837a44b4ace0c47ea8ac00b9494373a0
cgp,37,100,0.676148730350665,0.6971886336154776,-2.103990326481253,90,332ee0e7f2d5c9887653ed1fabbc22484a9fea36240d6ae33b9fe20e443f6097
cgp,37,1000,0.2839177750906892,0.2907583347728451,-0.6840559682155856,90,332ee0e7f2d5c9887653ed1fabbc22484a9fea36240d6ae33b9fe20e443f6097
cgp,37,full,0.08365002591121092,0.08468647434790119,-0.10364484366902765,90,332ee0e7f2d5c9887653ed1fabbc22484a9fea36240d6ae33b9fe20e443f6097
cgp,41,100,0.6921791328381414,0.6689972361375022,2.3181896700639193,160,b239cae512b120a1248486f067826c4c4d30bdd23f44969ad7ee5145fc8433c6
cgp,41,1000,0.2909181205735015,0.2613404733114527,2.957764726204881,160,b239cae512b120a1248486f067826c4c4d30bdd23f44969ad7ee5145fc8433c6
cgp,41,full,0.08740715149421316,0.06970115736742097,1.770599412679219,160,b239cae512b120a1248486f067826c4c4d30bdd23f44969ad7ee5145fc8433c6
molformer_xl,31,100,0.5929607877008118,0.5929607877008118,0.0,45,a41f5418e6f1b07a354acc6b1a547eed07ea015043adc73d614c30148406b6ae
molformer_xl,31,1000,0.21342200725513907,0.21342200725513907,0.0,45,a41f5418e6f1b07a354acc6b1a547eed07ea015043adc73d614c30148406b6ae
molformer_xl,31,full,0.05726377612713768,0.05726377612713768,0.0,45,a41f5418e6f1b07a354acc6b1a547eed07ea015043adc73d614c30148406b6ae
molformer_xl,37,100,0.6024917947832096,0.6024917947832096,0.0,35,02934a554c72c1232ca437177534305a3c5a33b754ef46335c6a7743325aea54
molformer_xl,37,1000,0.21812489203662117,0.21812489203662117,0.0,35,02934a554c72c1232ca437177534305a3c5a33b754ef46335c6a7743325aea54
molformer_xl,37,full,0.054672655035411986,0.054672655035411986,0.0,35,02934a554c72c1232ca437177534305a3c5a33b754ef46335c6a7743325aea54
molformer_xl,41,100,0.5958196579720159,0.5958196579720159,0.0,50,924c433cda6ede333e6c6c26cb990534a0223a2b7ed315567ca55d7c36ef4d6c
molformer_xl,41,1000,0.2178312316462256,0.2178312316462256,0.0,50,924c433cda6ede333e6c6c26cb990534a0223a2b7ed315567ca55d7c36ef4d6c
molformer_xl,41,full,0.056831922611850064,0.056831922611850064,0.0,50,924c433cda6ede333e6c6c26cb990534a0223a2b7ed315567ca55d7c36ef4d6c
chemberta,31,100,0.5621048540335118,0.5621048540335118,0.0,70,0e032b7c5a4785945d3b7ff2ad439f8e7dfcf7cba0055c494a6208883a832e8d
chemberta,31,1000,0.19822940058732075,0.19822940058732075,0.0,70,0e032b7c5a4785945d3b7ff2ad439f8e7dfcf7cba0055c494a6208883a832e8d
chemberta,31,full,0.048453964415270334,0.048453964415270334,0.0,70,0e032b7c5a4785945d3b7ff2ad439f8e7dfcf7cba0055c494a6208883a832e8d
chemberta,37,100,0.5674598376230782,0.5674598376230782,0.0,70,a18ed91b1d0b5ddb8f48432b5070d114eda00dc0ebdd39d215b3f1afe2633c15
chemberta,37,1000,0.19673086888927277,0.19673086888927277,0.0,70,a18ed91b1d0b5ddb8f48432b5070d114eda00dc0ebdd39d215b3f1afe2633c15
chemberta,37,full,0.04802211089998273,0.04802211089998273,0.0,70,a18ed91b1d0b5ddb8f48432b5070d114eda00dc0ebdd39d215b3f1afe2633c15
chemberta,41,100,0.5737519433408187,0.5737519433408187,0.0,50,1cae2121feff9943e17784bb15dc7af4412444634b755af9bca61c0287850f1b
chemberta,41,1000,0.20163672482294007,0.20163672482294007,0.0,50,1cae2121feff9943e17784bb15dc7af4412444634b755af9bca61c0287850f1b
chemberta,41,full,0.04940404214890309,0.04940404214890309,0.0,50,1cae2121feff9943e17784bb15dc7af4412444634b755af9bca61c0287850f1b
morgan,31,100,0.5623553290723786,0.5623553290723786,0.0,25,d397edcb99b2c848da8d07ebe6f7ad5345e46e6715aa6a7afc2a47854d1a9612
morgan,31,1000,0.20731991708412506,0.20731991708412506,0.0,25,d397edcb99b2c848da8d07ebe6f7ad5345e46e6715aa6a7afc2a47854d1a9612
morgan,31,full,0.05808429780618414,0.05808429780618414,0.0,25,d397edcb99b2c848da8d07ebe6f7ad5345e46e6715aa6a7afc2a47854d1a9612
morgan,37,100,0.5705907756089135,0.5705907756089135,0.0,15,5e4e3ea82b5b6a1aee8213fd3b0a9cfc9c1bc7b44dc20c6c6a5acf5be35d0731
morgan,37,1000,0.21003627569528419,0.21003627569528419,0.0,15,5e4e3ea82b5b6a1aee8213fd3b0a9cfc9c1bc7b44dc20c6c6a5acf5be35d0731
morgan,37,full,0.05821385386077042,0.05821385386077042,0.0,15,5e4e3ea82b5b6a1aee8213fd3b0a9cfc9c1bc7b44dc20c6c6a5acf5be35d0731
morgan,41,100,0.5648600794610468,0.5648600794610468,0.0,15,d030fb0a77226619390663951bce7c58fb436386111c679bc3ec90e92aa52e18
morgan,41,1000,0.20667213681119365,0.20667213681119365,0.0,15,d030fb0a77226619390663951bce7c58fb436386111c679bc3ec90e92aa52e18
morgan,41,full,0.05821385386077042,0.05821385386077042,0.0,15,d030fb0a77226619390663951bce7c58fb436386111c679bc3ec90e92aa52e18
